tick,e1_monomer_count_direct_state_read,complex1_delta_MG_041_062_429_PENTAMER,complex2_delta_MG_041_069_429_PENTAMER,any_complex_delta_total,any_complex_changed,pinched
11,0,0,0,1,1,0
12,0,0,0,-1,1,0
16,0,0,0,1,1,0
17,0,0,0,-1,1,0
18,0,0,0,1,1,0
19,0,0,0,-1,1,0
21,0,0,0,1,1,0
22,0,0,0,-1,1,0
25,0,0,0,0,0,0
29,0,0,0,1,1,0
30,0,0,0,-1,1,0
50,0,0,0,0,0,0
53,0,0,0,1,1,0
54,0,0,0,-1,1,0
62,0,0,0,1,1,0
63,0,0,0,-1,1,0
64,0,0,0,1,1,0
65,0,0,0,0,1,0
66,0,0,0,-1,1,0
72,0,0,0,1,1,0
73,0,0,0,-1,1,0
75,0,0,0,0,0,0
84,0,0,0,1,1,0
85,0,0,0,-1,1,0
100,0,0,0,0,0,0
106,0,0,0,2,1,0
107,0,0,0,-2,1,0
116,0,0,0,1,1,0
117,0,0,0,0,1,0
118,0,0,0,-1,1,0
119,0,0,0,1,1,0
120,0,0,0,-1,1,0
125,0,0,0,1,1,0
126,0,0,0,-1,1,0
130,0,0,0,1,1,0
131,0,0,0,-1,1,0
136,0,0,0,1,1,0
137,0,0,0,-1,1,0
144,0,0,0,1,1,0
145,0,0,0,-1,1,0
146,0,0,0,1,1,0
147,0,0,0,-1,1,0
150,0,0,0,0,0,0
153,0,0,0,1,1,0
154,0,0,0,-1,1,0
156,0,0,0,1,1,0
157,0,0,0,-1,1,0
175,0,0,0,1,1,0
176,0,0,0,-1,1,0
178,0,0,0,1,1,0
179,0,0,0,-1,1,0
185,0,0,0,1,1,0
186,0,0,0,-1,1,0
200,0,0,0,0,0,0
214,0,0,0,1,1,0
215,0,0,0,-1,1,0
217,0,0,0,1,1,0
218,0,0,0,-1,1,0
224,0,0,0,2,1,0
225,0,0,0,-2,1,0
227,0,0,0,1,1,0
228,0,0,0,-1,1,0
230,0,0,0,1,1,0
231,0,0,0,-1,1,0
235,0,0,0,1,1,0
236,0,0,0,-1,1,0
250,0,0,0,0,0,0
252,0,0,0,1,1,0
253,0,0,0,-1,1,0
273,0,0,0,1,1,0
274,0,0,0,-1,1,0
275,0,0,0,0,0,0
279,0,0,0,1,1,0
280,0,0,0,-1,1,0
283,0,0,0,1,1,0
284,0,0,0,-1,1,0
300,0,0,0,0,0,0
307,0,0,0,1,1,0
308,0,0,0,-1,1,0
319,0,0,0,1,1,0
320,0,0,0,-1,1,0
322,0,0,0,2,1,0
323,0,0,0,-2,1,0
325,0,0,0,0,0,0
330,0,0,0,1,1,0
331,0,0,0,-1,1,0
335,0,0,0,1,1,0
336,0,0,0,-1,1,0
350,0,0,0,0,0,0
355,0,0,0,2,1,0
356,0,0,0,-2,1,0
375,0,0,0,0,0,0
400,0,0,0,0,0,0
425,0,0,0,0,0,0
444,0,0,0,1,1,0
445,0,0,0,-1,1,0
450,0,0,0,0,0,0
473,0,0,0,1,1,0
474,0,0,0,-1,1,0
475,0,0,0,0,0,0
500,0,0,0,0,0,0
512,0,0,0,2,1,0
513,0,0,0,-2,1,0
525,0,0,0,0,0,0
550,0,0,0,0,0,0
572,0,0,0,1,1,0
573,0,0,0,-1,1,0
575,0,0,0,0,0,0
594,0,0,0,1,1,0
595,0,0,0,-1,1,0
597,0,0,0,2,1,0
598,0,0,0,-2,1,0
600,0,0,0,0,0,0
603,0,0,0,1,1,0
604,0,0,0,-1,1,0
612,0,0,0,1,1,0
613,0,0,0,-1,1,0
625,0,0,0,0,0,0
650,0,0,0,0,0,0
653,0,0,0,1,1,0
654,0,0,0,-1,1,0
655,0,0,0,2,1,0
656,0,0,0,-2,1,0
669,0,0,0,1,1,0
670,0,0,0,-1,1,0
675,0,0,0,0,0,0
681,0,0,0,1,1,0
682,0,0,0,-1,1,0
688,0,0,0,1,1,0
689,0,0,0,-1,1,0
700,0,0,0,0,0,0
703,0,0,0,1,1,0
704,0,0,0,-1,1,0
708,0,0,0,1,1,0
709,0,0,0,-1,1,0
724,0,0,0,1,1,0
725,0,0,0,0,1,0
726,0,0,0,-1,1,0
741,0,0,0,1,1,0
742,0,0,0,-1,1,0
750,0,0,0,1,1,0
751,0,0,0,-1,1,0
757,0,0,0,1,1,0
758,0,0,0,-1,1,0
775,0,0,0,0,0,0
788,0,0,0,1,1,0
789,0,0,0,-1,1,0
800,0,0,0,0,0,0
813,0,0,0,1,1,0
814,0,0,0,-1,1,0
820,0,0,0,1,1,0
821,0,0,0,-1,1,0
825,0,0,0,0,0,0
829,0,0,0,1,1,0
830,0,0,0,-1,1,0
841,0,0,0,1,1,0
842,0,0,0,-1,1,0
847,0,0,0,2,1,0
848,0,0,0,-2,1,0
850,0,0,0,1,1,0
851,0,0,0,-1,1,0
870,0,0,0,1,1,0
871,0,0,0,-1,1,0
875,0,0,0,0,0,0
900,0,0,0,0,0,0
925,0,0,0,0,0,0
929,0,0,0,1,1,0
930,0,0,0,-1,1,0
937,0,0,0,1,1,0
938,0,0,0,-1,1,0
944,0,0,0,1,1,0
945,0,0,0,-1,1,0
950,0,0,0,0,0,0
961,0,0,0,1,1,0
962,0,0,0,-1,1,0
964,0,0,0,2,1,0
965,0,0,0,-2,1,0
966,0,0,0,1,1,0
967,0,0,0,-1,1,0
975,0,0,0,0,0,0
983,0,0,0,1,1,0
984,0,0,0,-1,1,0
992,0,0,0,1,1,0
993,0,0,0,-1,1,0
1000,0,0,0,0,0,0
1008,0,0,0,2,1,0
1009,0,0,0,-2,1,0
1025,0,0,0,0,0,0
1043,0,0,0,1,1,0
1044,0,0,0,-1,1,0
1045,0,0,0,1,1,0
1046,0,0,0,-1,1,0
1050,0,0,0,0,0,0
1069,0,0,0,1,1,0
1070,0,0,0,-1,1,0
1075,0,0,0,0,0,0
1082,0,0,0,1,1,0
1083,0,0,0,-1,1,0
1100,0,0,0,0,0,0
1101,0,0,0,2,1,0
1102,0,0,0,-2,1,0
1108,0,0,0,1,1,0
1109,0,0,0,-1,1,0
1125,0,0,0,0,0,0
1150,0,0,0,0,0,0
1167,0,0,0,1,1,0
1168,0,0,0,-1,1,0
1175,0,0,0,0,0,0
1200,0,0,0,0,0,0
1225,0,0,0,0,0,0
1250,0,0,0,0,0,0
1255,0,0,0,1,1,0
1256,0,0,0,-1,1,0
1275,0,0,0,1,1,0
1276,0,0,0,-1,1,0
1288,0,0,0,1,1,0
1289,0,0,0,-1,1,0
1300,0,0,0,0,0,0
1318,0,0,0,1,1,0
1319,0,0,0,-1,1,0
1323,0,0,0,2,1,0
1324,0,0,0,-2,1,0
1325,0,0,0,0,0,0
1331,0,0,0,2,1,0
1332,0,0,0,-2,1,0
1350,0,0,0,1,1,0
1351,0,0,0,-1,1,0
1364,0,0,0,1,1,0
1365,0,0,0,-1,1,0
1367,0,0,0,1,1,0
1368,0,0,0,-1,1,0
1372,0,0,0,1,1,0
1373,0,0,0,-1,1,0
1375,0,0,0,1,1,0
1376,0,0,0,-1,1,0
1387,0,0,0,1,1,0
1388,0,0,0,-1,1,0
1396,0,0,0,1,1,0
1397,0,0,0,-1,1,0
1399,0,0,0,1,1,0
1400,0,0,0,-1,1,0
1425,0,0,0,0,0,0
1427,0,0,0,1,1,0
1428,0,0,0,-1,1,0
1450,0,0,0,0,0,0
1455,0,0,0,1,1,0
1456,0,0,0,-1,1,0
1458,0,0,0,1,1,0
1459,0,0,0,-1,1,0
1472,0,0,0,1,1,0
1473,0,0,0,-1,1,0
1474,0,0,0,1,1,0
1475,0,0,0,-1,1,0
1486,0,0,0,1,1,0
1487,0,0,0,-1,1,0
1489,0,0,0,2,1,0
1490,0,0,0,-2,1,0
1492,0,0,0,1,1,0
1493,0,0,0,-1,1,0
1495,0,0,0,1,1,0
1496,0,0,0,-1,1,0
1500,0,0,0,0,0,0
1502,0,0,0,1,1,0
1503,0,0,0,-1,1,0
1508,0,0,0,1,1,0
1509,0,0,0,-1,1,0
1518,0,0,0,1,1,0
1519,0,0,0,-1,1,0
1525,0,0,0,0,0,0
1550,0,0,0,0,0,0
1565,0,0,0,1,1,0
1566,0,0,0,-1,1,0
1575,0,0,0,0,0,0
1577,0,0,0,1,1,0
1578,0,0,0,-1,1,0
1581,0,0,0,1,1,0
1582,0,0,0,-1,1,0
1585,0,0,0,1,1,0
1586,0,0,0,-1,1,0
1600,0,0,0,0,0,0
1616,0,0,0,2,1,0
1617,0,0,0,-2,1,0
1621,0,0,0,1,1,0
1622,0,0,0,-1,1,0
1625,0,0,0,0,0,0
1631,0,0,0,1,1,0
1632,0,0,0,-1,1,0
1650,0,0,0,0,0,0
1651,0,0,0,1,1,0
1652,0,0,0,-1,1,0
1660,0,0,0,1,1,0
1661,0,0,0,-1,1,0
1664,0,0,0,1,1,0
1665,0,0,0,-1,1,0
1675,0,0,0,0,0,0
1700,0,0,0,0,0,0
1705,0,0,0,2,1,0
1706,0,0,0,-2,1,0
1723,0,0,0,1,1,0
1724,0,0,0,-1,1,0
1725,0,0,0,0,0,0
1730,0,0,0,1,1,0
1731,0,0,0,-1,1,0
1750,0,0,0,0,0,0
1756,0,0,0,1,1,0
1757,0,0,0,-1,1,0
1766,0,0,0,1,1,0
1767,0,0,0,-1,1,0
1775,0,0,0,0,0,0
1784,0,0,0,1,1,0
1785,0,0,0,-1,1,0
1791,0,0,0,2,1,0
1792,0,0,0,-2,1,0
1800,0,0,0,0,0,0
1821,0,0,0,1,1,0
1822,0,0,0,-1,1,0
1825,0,0,0,0,0,0
1832,0,0,0,1,1,0
1833,0,0,0,-1,1,0
1843,0,0,0,1,1,0
1844,0,0,0,-1,1,0
1850,0,0,0,0,0,0
1873,0,0,0,1,1,0
1874,0,0,0,-1,1,0
1875,0,0,0,0,0,0
1897,0,0,0,1,1,0
1898,0,0,0,-1,1,0
1900,0,0,0,0,0,0
1902,0,0,0,2,1,0
1903,0,0,0,-2,1,0
1912,0,0,0,1,1,0
1913,0,0,0,-1,1,0
1925,0,0,0,0,0,0
1936,0,0,0,1,1,0
1937,0,0,0,-1,1,0
1944,0,0,0,1,1,0
1945,0,0,0,-1,1,0
1950,0,0,0,0,0,0
1962,0,0,0,1,1,0
1963,0,0,0,-1,1,0
1969,0,0,0,1,1,0
1970,0,0,0,-1,1,0
1975,0,0,0,0,0,0
1998,0,0,0,1,1,0
1999,0,0,0,-1,1,0
2000,0,0,0,0,0,0
2010,0,0,0,1,1,0
2011,0,0,0,-1,1,0
2020,0,0,0,1,1,0
2021,0,0,0,-1,1,0
2023,0,0,0,1,1,0
2024,0,0,0,-1,1,0
2025,0,0,0,0,0,0
2026,0,0,0,1,1,0
2027,0,0,0,-1,1,0
2036,0,0,0,2,1,0
2037,0,0,0,-2,1,0
2040,0,0,0,1,1,0
2041,0,0,0,-1,1,0
2047,0,0,0,1,1,0
2048,0,0,0,-1,1,0
2050,0,0,0,0,0,0
2075,0,0,0,0,0,0
2100,0,0,0,0,0,0
2108,0,0,0,1,1,0
2109,0,0,0,-1,1,0
2125,0,0,0,0,0,0
2137,0,0,0,1,1,0
2138,0,0,0,-1,1,0
2142,0,0,0,1,1,0
2143,0,0,0,-1,1,0
2150,0,0,0,0,0,0
2165,0,0,0,1,1,0
2166,0,0,0,-1,1,0
2169,0,0,0,1,1,0
2170,0,0,0,-1,1,0
2175,0,0,0,1,1,0
2176,0,0,0,-1,1,0
2199,0,0,0,1,1,0
2200,0,0,0,-1,1,0
2215,0,0,0,1,1,0
2216,0,0,0,-1,1,0
2217,0,0,0,1,1,0
2218,0,0,0,-1,1,0
2222,0,0,0,1,1,0
2223,0,0,0,-1,1,0
2225,0,0,0,0,0,0
2230,0,0,0,1,1,0
2231,0,0,0,-1,1,0
2234,0,0,0,1,1,0
2235,0,0,0,-1,1,0
2236,0,0,0,1,1,0
2237,0,0,0,-1,1,0
2241,0,0,0,1,1,0
2242,0,0,0,-1,1,0
2243,0,0,0,1,1,0
2244,0,0,0,-1,1,0
2250,0,0,0,0,0,0
2261,0,0,0,1,1,0
2262,0,0,0,-1,1,0
2274,0,0,0,1,1,0
2275,0,0,0,-1,1,0
2278,0,0,0,2,1,0
2279,0,0,0,-2,1,0
2280,0,0,0,1,1,0
2281,0,0,0,-1,1,0
2300,0,0,0,1,1,0
2301,0,0,0,-1,1,0
2307,0,0,0,1,1,0
2308,0,0,0,-1,1,0
2309,0,0,0,1,1,0
2310,0,0,0,-1,1,0
2325,0,0,0,0,0,0
2327,0,0,0,2,1,0
2328,0,0,0,-2,1,0
2350,0,0,0,0,0,0
2375,0,0,0,1,1,0
2376,0,0,0,-1,1,0
2400,0,0,0,0,0,0
2401,0,0,0,1,1,0
2402,0,0,0,-1,1,0
2411,0,0,0,1,1,0
2412,0,0,0,-1,1,0
2425,0,0,0,0,0,0
2441,0,0,0,1,1,0
2442,0,0,0,-1,1,0
2448,0,0,0,1,1,0
2449,0,0,0,-1,1,0
2450,0,0,0,0,0,0
2457,0,0,0,1,1,0
2458,0,0,0,-1,1,0
2475,0,0,0,1,1,0
2476,0,0,0,-1,1,0
2481,0,0,0,1,1,0
2482,0,0,0,-1,1,0
2499,0,0,0,2,1,0
2500,0,0,0,-2,1,0
2510,0,0,0,1,1,0
2511,0,0,0,-1,1,0
2525,0,0,0,2,1,0
2526,0,0,0,-2,1,0
2550,0,0,0,0,0,0
2554,0,0,0,1,1,0
2555,0,0,0,-1,1,0
2564,0,0,0,2,1,0
2565,0,0,0,-2,1,0
2575,0,0,0,0,0,0
2587,0,0,0,1,1,0
2588,0,0,0,-1,1,0
2596,0,0,0,1,1,0
2597,0,0,0,-1,1,0
2599,0,0,0,1,1,0
2600,0,0,0,-1,1,0
2623,0,0,0,1,1,0
2624,0,0,0,-1,1,0
2625,0,0,0,0,0,0
2631,0,0,0,1,1,0
2632,0,0,0,-1,1,0
2633,0,0,0,1,1,0
2634,0,0,0,-1,1,0
2636,0,0,0,1,1,0
2637,0,0,0,-1,1,0
2639,0,0,0,3,1,0
2640,0,0,0,-3,1,0
2642,0,0,0,1,1,0
2643,0,0,0,-1,1,0
2647,0,0,0,1,1,0
2648,0,0,0,-1,1,0
2650,0,0,0,0,0,0
2655,0,0,0,1,1,0
2656,0,0,0,-1,1,0
2660,0,0,0,1,1,0
2661,0,0,0,-1,1,0
2667,0,0,0,1,1,0
2668,0,0,0,-1,1,0
2672,0,0,0,1,1,0
2673,0,0,0,-1,1,0
2675,0,0,0,1,1,0
2676,0,0,0,-1,1,0
2684,0,0,0,2,1,0
2685,0,0,0,-2,1,0
2695,0,0,0,1,1,0
2696,0,0,0,-1,1,0
2700,0,0,0,0,0,0
2714,0,0,0,2,1,0
2715,0,0,0,-2,1,0
2716,0,0,0,1,1,0
2717,0,0,0,-1,1,0
2725,0,0,0,0,0,0
2727,0,0,0,1,1,0
2728,0,0,0,-1,1,0
2734,0,0,0,1,1,0
2735,0,0,0,-1,1,0
2747,0,0,0,1,1,0
2748,0,0,0,-1,1,0
2750,0,0,0,0,0,0
2758,0,0,0,1,1,0
2759,0,0,0,-1,1,0
2775,0,0,0,0,0,0
2786,0,0,0,1,1,0
2787,0,0,0,-1,1,0
2788,0,0,0,1,1,0
2789,0,0,0,-1,1,0
2800,0,0,0,0,0,0
2825,0,0,0,0,0,0
2850,0,0,0,0,0,0
2865,0,0,0,1,1,0
2866,0,0,0,-1,1,0
2870,0,0,0,1,1,0
2871,0,0,0,-1,1,0
2875,0,0,0,0,0,0
2884,0,0,0,1,1,0
2885,0,0,0,-1,1,0
2900,0,0,0,0,0,0
2901,0,0,0,1,1,0
2902,0,0,0,-1,1,0
2909,0,0,0,2,1,0
2910,0,0,0,-2,1,0
2912,0,0,0,1,1,0
2913,0,0,0,-1,1,0
2915,0,0,0,1,1,0
2916,0,0,0,-1,1,0
2925,0,0,0,0,0,0
2950,0,0,0,0,0,0
2975,0,0,0,0,0,0
2981,0,0,0,1,1,0
2982,0,0,0,-1,1,0
2991,0,0,0,1,1,0
2992,0,0,0,-1,1,0
3000,0,0,0,0,0,0
3006,0,0,0,2,1,0
3007,0,0,0,-2,1,0
3025,0,0,0,0,0,0
3050,0,0,0,0,0,0
3075,0,0,0,0,0,0
3078,0,0,0,2,1,0
3079,0,0,0,-2,1,0
3100,0,0,0,0,0,0
3112,0,0,0,1,1,0
3113,0,0,0,-1,1,0
3121,0,0,0,1,1,0
3122,0,0,0,-1,1,0
3123,0,0,0,3,1,0
3124,0,0,0,-3,1,0
3125,0,0,0,0,0,0
3133,0,0,0,1,1,0
3134,0,0,0,-1,1,0
3138,0,0,0,1,1,0
3139,0,0,0,-1,1,0
3143,0,0,0,1,1,0
3144,0,0,0,-1,1,0
3147,0,0,0,1,1,0
3148,0,0,0,-1,1,0
3150,0,0,0,0,0,0
3157,0,0,0,1,1,0
3158,0,0,0,-1,1,0
3163,0,0,0,1,1,0
3164,0,0,0,-1,1,0
3175,0,0,0,0,0,0
3193,0,0,0,1,1,0
3194,0,0,0,-1,1,0
3200,0,0,0,0,0,0
3201,0,0,0,1,1,0
3202,0,0,0,-1,1,0
3207,0,0,0,1,1,0
3208,0,0,0,-1,1,0
3209,0,0,0,1,1,0
3210,0,0,0,0,1,0
3211,0,0,0,-1,1,0
3212,0,0,0,1,1,0
3213,0,0,0,-1,1,0
3225,0,0,0,0,0,0
3231,0,0,0,1,1,0
3232,0,0,0,-1,1,0
3237,0,0,0,1,1,0
3238,0,0,0,-1,1,0
3244,0,0,0,1,1,0
3245,0,0,0,-1,1,0
3250,0,0,0,0,0,0
3260,0,0,0,2,1,0
3261,0,0,0,-2,1,0
3275,0,0,0,0,0,0
3283,0,0,0,1,1,0
3284,0,0,0,-1,1,0
3291,0,0,0,1,1,0
3292,0,0,0,0,1,0
3293,0,0,0,0,1,0
3294,0,0,0,-1,1,0
3300,0,0,0,0,0,0
3325,0,0,0,0,0,0
3328,0,0,0,1,1,0
3329,0,0,0,-1,1,0
3337,0,0,0,1,1,0
3338,0,0,0,-1,1,0
3339,0,0,0,2,1,0
3340,0,0,0,-2,1,0
3347,0,0,0,1,1,0
3348,0,0,0,-1,1,0
3350,0,0,0,0,0,0
3364,0,0,0,1,1,0
3365,0,0,0,-1,1,0
3375,0,0,0,0,0,0
3376,0,0,0,2,1,0
3377,0,0,0,-2,1,0
3384,0,0,0,1,1,0
3385,0,0,0,-1,1,0
3393,0,0,0,1,1,0
3394,0,0,0,-1,1,0
3396,0,0,0,1,1,0
3397,0,0,0,-1,1,0
3400,0,0,0,1,1,0
3401,0,0,0,-1,1,0
3425,0,0,0,0,0,0
3432,0,0,0,1,1,0
3433,0,0,0,-1,1,0
3445,0,0,0,1,1,0
3446,0,0,0,-1,1,0
3450,0,0,0,0,0,0
3456,0,0,0,1,1,0
3457,0,0,0,-1,1,0
3460,0,0,0,1,1,0
3461,0,0,0,-1,1,0
3462,0,0,0,2,1,0
3463,0,0,0,-2,1,0
3466,0,0,0,1,1,0
3467,0,0,0,-1,1,0
3471,0,0,0,3,1,0
3472,0,0,0,-3,1,0
3475,0,0,0,0,0,0
3479,0,0,0,1,1,0
3480,0,0,0,-1,1,0
3482,0,0,0,1,1,0
3483,0,0,0,-1,1,0
3485,0,0,0,1,1,0
3486,0,0,0,-1,1,0
3497,0,0,0,1,1,0
3498,0,0,0,-1,1,0
3500,0,0,0,0,0,0
3501,0,0,0,1,1,0
3502,0,0,0,-1,1,0
3505,0,0,0,1,1,0
3506,0,0,0,-1,1,0
3513,0,0,0,1,1,0
3514,0,0,0,-1,1,0
3525,0,0,0,0,0,0
3528,0,0,0,2,1,0
3529,0,0,0,-2,1,0
3533,0,0,0,1,1,0
3534,0,0,0,-1,1,0
3544,0,0,0,3,1,0
3545,0,0,0,-3,1,0
3550,0,0,0,0,0,0
3553,0,0,0,1,1,0
3554,0,0,0,-1,1,0
3557,0,0,0,1,1,0
3558,0,0,0,-1,1,0
3559,0,0,0,2,1,0
3560,0,0,0,-1,1,0
3561,0,0,0,-1,1,0
3569,0,0,0,1,1,0
3570,0,0,0,-1,1,0
3572,0,0,0,1,1,0
3573,0,0,0,-1,1,0
3575,0,0,0,0,0,0
3576,0,0,0,1,1,0
3577,0,0,0,-1,1,0
3580,0,0,0,1,1,0
3581,0,0,0,-1,1,0
3591,0,0,0,1,1,0
3592,0,0,0,-1,1,0
3600,0,0,0,0,0,0
3602,0,0,0,1,1,0
3603,0,0,0,-1,1,0
3612,0,0,0,1,1,0
3613,0,0,0,-1,1,0
3625,0,0,0,0,0,0
3650,0,0,0,0,0,0
3675,0,0,0,0,0,0
3682,0,0,0,1,1,0
3683,0,0,0,0,1,0
3684,0,0,0,-1,1,0
3700,0,0,0,0,0,0
3712,0,0,0,2,1,0
3713,0,0,0,-2,1,0
3725,0,0,0,0,0,0
3747,0,0,0,1,1,0
3748,0,0,0,-1,1,0
3750,0,0,0,1,1,0
3751,0,0,0,-1,1,0
3775,0,0,0,0,0,0
3777,0,0,0,1,1,0
3778,0,0,0,-1,1,0
3799,0,0,0,1,1,0
3800,0,0,0,-1,1,0
3803,0,0,0,1,1,0
3804,0,0,0,-1,1,0
3807,0,0,0,1,1,0
3808,0,0,0,-1,1,0
3812,0,0,0,1,1,0
3813,0,0,0,-1,1,0
3819,0,0,0,2,1,0
3820,0,0,0,-2,1,0
3822,0,0,0,1,1,0
3823,0,0,0,-1,1,0
3825,0,0,0,0,0,0
3828,0,0,0,2,1,0
3829,0,0,0,-2,1,0
3844,0,0,0,1,1,0
3845,0,0,0,-1,1,0
3850,0,0,0,0,0,0
3869,0,0,0,1,1,0
3870,0,0,0,0,1,0
3871,0,0,0,-1,1,0
3875,0,0,0,0,0,0
3881,0,0,0,1,1,0
3882,0,0,0,-1,1,0
3891,0,0,0,1,1,0
3892,0,0,0,-1,1,0
3894,0,0,0,1,1,0
3895,0,0,0,-1,1,0
3900,0,0,0,0,0,0
3907,0,0,0,1,1,0
3908,0,0,0,-1,1,0
3909,0,0,0,1,1,0
3910,0,0,0,-1,1,0
3917,0,0,0,2,1,0
3918,0,0,0,-2,1,0
3925,0,0,0,0,0,0
3950,0,0,0,0,0,0
3954,0,0,0,1,1,0
3955,0,0,0,-1,1,0
3975,0,0,0,0,0,0
3984,0,0,0,1,1,0
3985,0,0,0,-1,1,0
3993,0,0,0,1,1,0
3994,0,0,0,-1,1,0
3998,0,0,0,1,1,0
3999,0,0,0,-1,1,0
4000,0,0,0,0,0,0
4013,0,0,0,1,1,0
4014,0,0,0,-1,1,0
4016,0,0,0,1,1,0
4017,0,0,0,-1,1,0
4025,0,0,0,0,0,0
4026,0,0,0,1,1,0
4027,0,0,0,-1,1,0
4050,0,0,0,1,1,0
4051,0,0,0,-1,1,0
4054,0,0,0,1,1,0
4055,0,0,0,-1,1,0
4060,0,0,0,1,1,0
4061,0,0,0,-1,1,0
4070,0,0,0,1,1,0
4071,0,0,0,-1,1,0
4075,0,0,0,0,0,0
4082,0,0,0,1,1,0
4083,0,0,0,1,1,0
4084,0,0,0,-2,1,0
4098,0,0,0,2,1,0
4099,0,0,0,-2,1,0
4100,0,0,0,0,0,0
4108,0,0,0,1,1,0
4109,0,0,0,-1,1,0
4113,0,0,0,2,1,0
4114,0,0,0,-2,1,0
4125,0,0,0,0,0,0
4133,0,0,0,1,1,0
4134,0,0,0,-1,1,0
4150,0,0,0,0,0,0
4152,0,0,0,1,1,0
4153,0,0,0,-1,1,0
4175,0,0,0,0,0,0
4200,0,0,0,0,0,0
4206,0,0,0,1,1,0
4207,0,0,0,-1,1,0
4225,0,0,0,0,0,0
4245,0,0,0,1,1,0
4246,0,0,0,-1,1,0
4250,0,0,0,0,0,0
4252,0,0,0,1,1,0
4253,0,0,0,-1,1,0
4266,0,0,0,1,1,0
4267,0,0,0,-1,1,0
4274,0,0,0,1,1,0
4275,0,0,0,-1,1,0
4294,0,0,0,1,1,0
4295,0,0,0,-1,1,0
4300,0,0,0,1,1,0
4301,0,0,0,-1,1,0
4325,0,0,0,0,0,0
4338,0,0,0,1,1,0
4339,0,0,0,-1,1,0
4350,0,0,0,0,0,0
4351,0,0,0,2,1,0
4352,0,0,0,-2,1,0
4371,0,0,0,1,1,0
4372,0,0,0,-1,1,0
4375,0,0,0,0,0,0
4381,0,0,0,1,1,0
4382,0,0,0,-1,1,0
4389,0,0,0,1,1,0
4390,0,0,0,-1,1,0
4391,0,0,0,1,1,0
4392,0,0,0,0,1,0
4393,0,0,0,-1,1,0
4396,0,0,0,1,1,0
4397,0,0,0,-1,1,0
4400,0,0,0,0,0,0
4409,0,0,0,2,1,0
4410,0,0,0,-2,1,0
4416,0,0,0,1,1,0
4417,0,0,0,-1,1,0
4425,0,0,0,0,0,0
4428,0,0,0,1,1,0
4429,0,0,0,-1,1,0
4432,0,0,0,1,1,0
4433,0,0,0,-1,1,0
4438,0,0,0,1,1,0
4439,0,0,0,0,1,0
4440,0,0,0,-1,1,0
4450,0,0,0,0,0,0
4451,0,0,0,1,1,0
4452,0,0,0,-1,1,0
4462,0,0,0,1,1,0
4463,0,0,0,-1,1,0
4475,0,0,0,0,0,0
4500,0,0,0,0,0,0
4501,0,0,0,1,1,0
4502,0,0,0,-1,1,0
4525,0,0,0,0,0,0
4530,0,0,0,1,1,0
4531,0,0,0,-1,1,0
4532,0,0,0,1,1,0
4533,0,0,0,-1,1,0
4539,0,0,0,1,1,0
4540,0,0,0,-1,1,0
4550,0,0,0,0,0,0
4554,0,0,0,1,1,0
4555,0,0,0,-1,1,0
4556,0,0,0,1,1,0
4557,0,0,0,-1,1,0
4575,0,0,0,0,0,0
4583,0,0,0,1,1,0
4584,0,0,0,-1,1,0
4585,0,0,0,1,1,0
4586,0,0,0,-1,1,0
4588,0,0,0,1,1,0
4589,0,0,0,-1,1,0
4590,0,0,0,1,1,0
4591,0,0,0,-1,1,0
4595,0,0,0,1,1,0
4596,0,0,0,-1,1,0
4600,0,0,0,0,0,0
4603,0,0,0,1,1,0
4604,0,0,0,-1,1,0
4606,0,0,0,1,1,0
4607,0,0,0,-1,1,0
4616,0,0,0,1,1,0
4617,0,0,0,-1,1,0
4623,0,0,0,2,1,0
4624,0,0,0,-2,1,0
4625,0,0,0,0,0,0
4640,0,0,0,1,1,0
4641,0,0,0,-1,1,0
4650,0,0,0,0,0,0
4659,0,0,0,1,1,0
4660,0,0,0,-1,1,0
4675,0,0,0,0,0,0
4700,0,0,0,0,0,0
4703,0,0,0,1,1,0
4704,0,0,0,-1,1,0
4705,0,0,0,1,1,0
4706,0,0,0,-1,1,0
4715,0,0,0,1,1,0
4716,0,0,0,-1,1,0
4725,0,0,0,0,0,0
4749,0,0,0,1,1,0
4750,0,0,0,-1,1,0
4756,0,0,0,1,1,0
4757,0,0,0,-1,1,0
4765,0,0,0,1,1,0
4766,0,0,0,-1,1,0
4775,0,0,0,0,0,0
4783,0,0,0,2,1,0
4784,0,0,0,-2,1,0
4800,0,0,0,0,0,0
4819,0,0,0,1,1,0
4820,0,0,0,-1,1,0
4825,0,0,0,0,0,0
4837,0,0,0,1,1,0
4838,0,0,0,-1,1,0
4841,0,0,0,1,1,0
4842,0,0,0,-1,1,0
4846,0,0,0,1,1,0
4847,0,0,0,-1,1,0
4850,0,0,0,0,0,0
4867,0,0,0,1,1,0
4868,0,0,0,-1,1,0
4875,0,0,0,0,0,0
4900,0,0,0,0,0,0
4915,0,0,0,1,1,0
4916,0,0,0,-1,1,0
4925,0,0,0,0,0,0
4939,0,0,0,1,1,0
4940,0,0,0,0,1,0
4941,0,0,0,-1,1,0
4949,0,0,0,1,1,0
4950,0,0,0,-1,1,0
4956,0,0,0,1,1,0
4957,0,0,0,0,1,0
4958,0,0,0,-1,1,0
4975,0,0,0,0,0,0
4976,0,0,0,1,1,0
4977,0,0,0,0,1,0
4978,0,0,0,-1,1,0
4981,0,0,0,1,1,0
4982,0,0,0,-1,1,0
4986,0,0,0,2,1,0
4987,0,0,0,-2,1,0
4993,0,0,0,1,1,0
4994,0,0,0,-1,1,0
5000,0,0,0,0,0,0
5014,0,0,0,1,1,0
5015,0,0,0,-1,1,0
5025,0,0,0,0,0,0
5046,0,0,0,1,1,0
5047,0,0,0,-1,1,0
5050,0,0,0,0,0,0
5075,0,0,0,0,0,0
5079,0,0,0,2,1,0
5080,0,0,0,-2,1,0
5099,0,0,0,1,1,0
5100,0,0,0,-1,1,0
5110,0,0,0,2,1,0
5111,0,0,0,-2,1,0
5125,0,0,0,0,0,0
5128,0,0,0,1,1,0
5129,0,0,0,-1,1,0
5140,0,0,0,1,1,0
5141,0,0,0,-1,1,0
5143,0,0,0,1,1,0
5144,0,0,0,-1,1,0
5146,0,0,0,1,1,0
5147,0,0,0,-1,1,0
5150,0,0,0,0,0,0
5151,0,0,0,1,1,0
5152,0,0,0,-1,1,0
5155,0,0,0,1,1,0
5156,0,0,0,-1,1,0
5175,0,0,0,1,1,0
5176,0,0,0,-1,1,0
5200,0,0,0,0,0,0
5225,0,0,0,0,0,0
5228,0,0,0,1,1,0
5229,0,0,0,-1,1,0
5237,0,0,0,2,1,0
5238,0,0,0,-2,1,0
5241,0,0,0,1,1,0
5242,0,0,0,-1,1,0
5249,0,0,0,1,1,0
5250,0,0,0,-1,1,0
5261,0,0,0,1,1,0
5262,0,0,0,-1,1,0
5268,0,0,0,2,1,0
5269,0,0,0,-2,1,0
5275,0,0,0,0,0,0
5277,0,0,0,1,1,0
5278,0,0,0,-1,1,0
5292,0,0,0,2,1,0
5293,0,0,0,-2,1,0
5294,0,0,0,1,1,0
5295,0,0,0,-1,1,0
5300,0,0,0,0,0,0
5308,0,0,0,1,1,0
5309,0,0,0,-1,1,0
5311,0,0,0,1,1,0
5312,0,0,0,-1,1,0
5323,0,0,0,1,1,0
5324,0,0,0,0,1,0
5325,0,0,0,-1,1,0
5339,0,0,0,1,1,0
5340,0,0,0,-1,1,0
5350,0,0,0,0,0,0
5375,0,0,0,0,0,0
5379,0,0,0,2,1,0
5380,0,0,0,-2,1,0
5384,0,0,0,3,1,0
5385,0,0,0,-3,1,0
5400,0,0,0,0,0,0
5401,0,0,0,1,1,0
5402,0,0,0,-1,1,0
5410,0,0,0,1,1,0
5411,0,0,0,-1,1,0
5412,0,0,0,1,1,0
5413,0,0,0,-1,1,0
5414,0,0,0,1,1,0
5415,0,0,0,-1,1,0
5425,0,0,0,0,0,0
5432,0,0,0,1,1,0
5433,0,0,0,-1,1,0
5435,0,0,0,1,1,0
5436,0,0,0,-1,1,0
5450,0,0,0,0,0,0
5456,0,0,0,1,1,0
5457,0,0,0,-1,1,0
5459,0,0,0,1,1,0
5460,0,0,0,-1,1,0
5461,0,0,0,1,1,0
5462,0,0,0,-1,1,0
5464,0,0,0,1,1,0
5465,0,0,0,-1,1,0
5475,0,0,0,0,0,0
5490,0,0,0,1,1,0
5491,0,0,0,-1,1,0
5500,0,0,0,0,0,0
5508,0,0,0,1,1,0
5509,0,0,0,-1,1,0
5514,0,0,0,2,1,0
5515,0,0,0,-2,1,0
5525,0,0,0,0,0,0
5540,0,0,0,1,1,0
5541,0,0,0,-1,1,0
5550,0,0,0,0,0,0
5571,0,0,0,1,1,0
5572,0,0,0,-1,1,0
5575,0,0,0,0,0,0
5578,0,0,0,1,1,0
5579,0,0,0,0,1,0
5580,0,0,0,0,1,0
5581,0,0,0,-1,1,0
5589,0,0,0,1,1,0
5590,0,0,0,-1,1,0
5600,0,0,0,0,0,0
5613,0,0,0,1,1,0
5614,0,0,0,-1,1,0
5619,0,0,0,1,1,0
5620,0,0,0,-1,1,0
5624,0,0,0,2,1,0
5625,0,0,0,-2,1,0
5636,0,0,0,1,1,0
5637,0,0,0,-1,1,0
5650,0,0,0,0,0,0
5668,0,0,0,1,1,0
5669,0,0,0,-1,1,0
5675,0,0,0,0,0,0
5676,0,0,0,2,1,0
5677,0,0,0,-2,1,0
5679,0,0,0,1,1,0
5680,0,0,0,-1,1,0
5682,0,0,0,1,1,0
5683,0,0,0,-1,1,0
5700,0,0,0,0,0,0
5707,0,0,0,1,1,0
5708,0,0,0,-1,1,0
5714,0,0,0,1,1,0
5715,0,0,0,-1,1,0
5716,0,0,0,1,1,0
5717,0,0,0,-1,1,0
5718,0,0,0,2,1,0
5719,0,0,0,-2,1,0
5725,0,0,0,0,0,0
5726,0,0,0,1,1,0
5727,0,0,0,-1,1,0
5742,0,0,0,1,1,0
5743,0,0,0,-1,1,0
5750,0,0,0,1,1,0
5751,0,0,0,-1,1,0
5764,0,0,0,1,1,0
5765,0,0,0,-1,1,0
5775,0,0,0,2,1,0
5776,0,0,0,-2,1,0
5779,0,0,0,1,1,0
5780,0,0,0,-1,1,0
5785,0,0,0,1,1,0
5786,0,0,0,-1,1,0
5787,0,0,0,2,1,0
5788,0,0,0,-2,1,0
5790,0,0,0,2,1,0
5791,0,0,0,-2,1,0
5796,0,0,0,1,1,0
5797,0,0,0,-1,1,0
5800,0,0,0,0,0,0
5811,0,0,0,1,1,0
5812,0,0,0,-1,1,0
5815,0,0,0,2,1,0
5816,0,0,0,-2,1,0
5825,0,0,0,0,0,0
5827,0,0,0,1,1,0
5828,0,0,0,-1,1,0
5839,0,0,0,2,1,0
5840,0,0,0,-2,1,0
5850,0,0,0,0,0,0
5868,0,0,0,1,1,0
5869,0,0,0,-1,1,0
5870,0,0,0,3,1,0
5871,0,0,0,-3,1,0
5875,0,0,0,0,0,0
5896,0,0,0,1,1,0
5897,0,0,0,-1,1,0
5900,0,0,0,0,0,0
5917,0,0,0,1,1,0
5918,0,0,0,-1,1,0
5925,0,0,0,0,0,0
5926,0,0,0,1,1,0
5927,0,0,0,-1,1,0
5950,0,0,0,0,0,0
5951,0,0,0,1,1,0
5952,0,0,0,-1,1,0
5975,0,0,0,1,1,0
5976,0,0,0,-1,1,0
6000,0,0,0,0,0,0
6013,0,0,0,2,1,0
6014,0,0,0,-2,1,0
6015,0,0,0,1,1,0
6016,0,0,0,-1,1,0
6021,0,0,0,1,1,0
6022,0,0,0,-1,1,0
6025,0,0,0,0,0,0
6026,0,0,0,1,1,0
6027,0,0,0,-1,1,0
6035,0,0,0,1,1,0
6036,0,0,0,-1,1,0
6038,0,0,0,1,1,0
6039,0,0,0,-1,1,0
6050,0,0,0,0,0,0
6069,0,0,0,1,1,0
6070,0,0,0,-1,1,0
6075,0,0,0,0,0,0
6082,0,0,0,1,1,0
6083,0,0,0,-1,1,0
6089,0,0,0,1,1,0
6090,0,0,0,-1,1,0
6094,0,0,0,1,1,0
6095,0,0,0,-1,1,0
6100,0,0,0,0,0,0
6113,0,0,0,1,1,0
6114,0,0,0,-1,1,0
6118,0,0,0,1,1,0
6119,0,0,0,-1,1,0
6125,0,0,0,0,0,0
6150,0,0,0,0,0,0
6163,0,0,0,1,1,0
6164,0,0,0,-1,1,0
6165,0,0,0,1,1,0
6166,0,0,0,-1,1,0
6171,0,0,0,1,1,0
6172,0,0,0,-1,1,0
6175,0,0,0,0,0,0
6177,0,0,0,1,1,0
6178,0,0,0,-1,1,0
6181,0,0,0,1,1,0
6182,0,0,0,-1,1,0
6200,0,0,0,0,0,0
6202,0,0,0,2,1,0
6203,0,0,0,-2,1,0
6212,0,0,0,1,1,0
6213,0,0,0,-1,1,0
6225,0,0,0,0,0,0
6233,0,0,0,1,1,0
6234,0,0,0,-1,1,0
6250,0,0,0,0,0,0
6252,0,0,0,1,1,0
6253,0,0,0,0,1,0
6254,0,0,0,-1,1,0
6264,0,0,0,1,1,0
6265,0,0,0,-1,1,0
6270,0,0,0,1,1,0
6271,0,0,0,-1,1,0
6275,0,0,0,0,0,0
6290,0,0,0,1,1,0
6291,0,0,0,-1,1,0
6300,0,0,0,0,0,0
6304,0,0,0,2,1,0
6305,0,0,0,-2,1,0
6309,0,0,0,1,1,0
6310,0,0,0,-1,1,0
6312,0,0,0,1,1,0
6313,0,0,0,-1,1,0
6315,0,0,0,1,1,0
6316,0,0,0,-1,1,0
6325,0,0,0,1,1,0
6326,0,0,0,-1,1,0
6327,0,0,0,2,1,0
6328,0,0,0,-2,1,0
6337,0,0,0,2,1,0
6338,0,0,0,-2,1,0
6349,0,0,0,1,1,0
6350,0,0,0,-1,1,0
6352,0,0,0,2,1,0
6353,0,0,0,-2,1,0
6360,0,0,0,1,1,0
6361,0,0,0,-1,1,0
6375,0,0,0,0,0,0
6391,0,0,0,1,1,0
6392,0,0,0,-1,1,0
6396,0,0,0,1,1,0
6397,0,0,0,-1,1,0
6400,0,0,0,0,0,0
6420,0,0,0,1,1,0
6421,0,0,0,-1,1,0
6425,0,0,0,0,0,0
6426,0,0,0,1,1,0
6427,0,0,0,-1,1,0
6442,0,0,0,1,1,0
6443,0,0,0,-1,1,0
6450,0,0,0,0,0,0
6457,0,0,0,1,1,0
6458,0,0,0,-1,1,0
6459,0,0,0,1,1,0
6460,0,0,0,-1,1,0
6473,0,0,0,1,1,0
6474,0,0,0,-1,1,0
6475,0,0,0,1,1,0
6476,0,0,0,-1,1,0
6485,0,0,0,1,1,0
6486,0,0,0,-1,1,0
6500,0,0,0,0,0,0
6508,0,0,0,1,1,0
6509,0,0,0,-1,1,0
6525,0,0,0,0,0,0
6540,0,0,0,1,1,0
6541,0,0,0,-1,1,0
6550,0,0,0,0,0,0
6551,0,0,0,1,1,0
6552,0,0,0,-1,1,0
6554,0,0,0,2,1,0
6555,0,0,0,-2,1,0
6563,0,0,0,1,1,0
6564,0,0,0,-1,1,0
6575,0,0,0,0,0,0
6576,0,0,0,1,1,0
6577,0,0,0,-1,1,0
6600,0,0,0,0,0,0
6601,0,0,0,2,1,0
6602,0,0,0,-2,1,0
6604,0,0,0,2,1,0
6605,0,0,0,-2,1,0
6615,0,0,0,1,1,0
6616,0,0,0,-1,1,0
6625,0,0,0,0,0,0
6626,0,0,0,1,1,0
6627,0,0,0,-1,1,0
6639,0,0,0,1,1,0
6640,0,0,0,-1,1,0
6650,0,0,0,3,1,0
6651,0,0,0,-2,1,0
6652,0,0,0,-1,1,0
6675,0,0,0,0,0,0
6684,0,0,0,1,1,0
6685,0,0,0,0,1,0
6686,0,0,0,-1,1,0
6700,0,0,0,0,0,0
6704,0,0,0,1,1,0
6705,0,0,0,-1,1,0
6725,0,0,0,1,1,0
6726,0,0,0,-1,1,0
6729,0,0,0,1,1,0
6730,0,0,0,-1,1,0
6733,0,0,0,2,1,0
6734,0,0,0,-2,1,0
6740,0,0,0,3,1,0
6741,0,0,0,-3,1,0
6745,0,0,0,1,1,0
6746,0,0,0,-1,1,0
6750,0,0,0,0,0,0
6757,0,0,0,1,1,0
6758,0,0,0,-1,1,0
6764,0,0,0,1,1,0
6765,0,0,0,-1,1,0
6773,0,0,0,1,1,0
6774,0,0,0,-1,1,0
6775,0,0,0,0,0,0
6778,0,0,0,1,1,0
6779,0,0,0,-1,1,0
6791,0,0,0,1,1,0
6792,0,0,0,-1,1,0
6793,0,0,0,1,1,0
6794,0,0,0,-1,1,0
6800,0,0,0,0,0,0
6804,0,0,0,1,1,0
6805,0,0,0,-1,1,0
6812,0,0,0,1,1,0
6813,0,0,0,-1,1,0
6815,0,0,0,1,1,0
6816,0,0,0,-1,1,0
6825,0,0,0,0,0,0
6829,0,0,0,1,1,0
6830,0,0,0,-1,1,0
6847,0,0,0,1,1,0
6848,0,0,0,-1,1,0
6850,0,0,0,0,0,0
6852,0,0,0,1,1,0
6853,0,0,0,-1,1,0
6868,0,0,0,4,1,0
6869,0,0,0,-4,1,0
6874,0,0,0,1,1,0
6875,0,0,0,-1,1,0
6877,0,0,0,1,1,0
6878,0,0,0,-1,1,0
6894,0,0,0,1,1,0
6895,0,0,0,-1,1,0
6897,0,0,0,1,1,0
6898,0,0,0,-1,1,0
6900,0,0,0,0,0,0
6905,0,0,0,1,1,0
6906,0,0,0,-1,1,0
6912,0,0,0,2,1,0
6913,0,0,0,-2,1,0
6918,0,0,0,1,1,0
6919,0,0,0,-1,1,0
6920,0,0,0,1,1,0
6921,0,0,0,-1,1,0
6925,0,0,0,0,0,0
6935,0,0,0,1,1,0
6936,0,0,0,-1,1,0
6950,0,0,0,0,0,0
6958,0,0,0,2,1,0
6959,0,0,0,-2,1,0
6963,0,0,0,1,1,0
6964,0,0,0,-1,1,0
6973,0,0,0,1,1,0
6974,0,0,0,-1,1,0
6975,0,0,0,0,0,0
6976,0,0,0,1,1,0
6977,0,0,0,-1,1,0
6979,0,0,0,1,1,0
6980,0,0,0,-1,1,0
6984,0,0,0,1,1,0
6985,0,0,0,-1,1,0
6998,0,0,0,1,1,0
6999,0,0,0,-1,1,0
7000,0,0,0,0,0,0
7002,0,0,0,2,1,0
7003,0,0,0,-2,1,0
7004,0,0,0,1,1,0
7005,0,0,0,-1,1,0
7006,0,0,0,1,1,0
7007,0,0,0,0,1,0
7008,0,0,0,-1,1,0
7014,0,0,0,1,1,0
7015,0,0,0,0,1,0
7016,0,0,0,-1,1,0
7023,0,0,0,1,1,0
7024,0,0,0,-1,1,0
7025,0,0,0,0,0,0
7030,0,0,0,1,1,0
7031,0,0,0,-1,1,0
7050,0,0,0,0,0,0
7067,0,0,0,1,1,0
7068,0,0,0,-1,1,0
7075,0,0,0,0,0,0
7084,0,0,0,1,1,0
7085,0,0,0,-1,1,0
7096,0,0,0,2,1,0
7097,0,0,0,-2,1,0
7100,0,0,0,0,0,0
7102,0,0,0,1,1,0
7103,0,0,0,-1,1,0
7110,0,0,0,1,1,0
7111,0,0,0,-1,1,0
7112,0,0,0,1,1,0
7113,0,0,0,-1,1,0
7115,0,0,0,1,1,0
7116,0,0,0,-1,1,0
7125,0,0,0,0,0,0
7127,0,0,0,1,1,0
7128,0,0,0,-1,1,0
7150,0,0,0,0,0,0
7152,0,0,0,1,1,0
7153,0,0,0,-1,1,0
7158,0,0,0,1,1,0
7159,0,0,0,-1,1,0
7164,0,0,0,1,1,0
7165,0,0,0,-1,1,0
7169,0,0,0,1,1,0
7170,0,0,0,-1,1,0
7175,0,0,0,0,0,0
7177,0,0,0,1,1,0
7178,0,0,0,-1,1,0
7179,0,0,0,1,1,0
7180,0,0,0,-1,1,0
7186,0,0,0,2,1,0
7187,0,0,0,-2,1,0
7188,0,0,0,3,1,0
7189,0,0,0,-3,1,0
7194,0,0,0,1,1,0
7195,0,0,0,0,1,0
7196,0,0,0,-1,1,0
7200,0,0,0,0,0,0
7203,0,0,0,2,1,0
7204,0,0,0,-2,1,0
7219,0,0,0,1,1,0
7220,0,0,0,-1,1,0
7225,0,0,0,0,0,0
7231,0,0,0,1,1,0
7232,0,0,0,-1,1,0
7239,0,0,0,1,1,0
7240,0,0,0,-1,1,0
7242,0,0,0,1,1,0
7243,0,0,0,-1,1,0
7246,0,0,0,3,1,0
7247,0,0,0,-3,1,0
7250,0,0,0,0,0,0
7259,0,0,0,1,1,0
7260,0,0,0,-1,1,0
7267,0,0,0,1,1,0
7268,0,0,0,-1,1,0
7275,0,0,0,0,0,0
7276,0,0,0,2,1,0
7277,0,0,0,-2,1,0
7292,0,0,0,2,1,0
7293,0,0,0,-2,1,0
7296,0,0,0,1,1,0
7297,0,0,0,-1,1,0
7299,0,0,0,1,1,0
7300,0,0,0,-1,1,0
7301,0,0,0,1,1,0
7302,0,0,0,-1,1,0
7309,0,0,0,1,1,0
7310,0,0,0,2,1,0
7311,0,0,0,-3,1,0
7321,0,0,0,1,1,0
7322,0,0,0,-1,1,0
7325,0,0,0,0,0,0
7330,0,0,0,1,1,0
7331,0,0,0,-1,1,0
7341,0,0,0,1,1,0
7342,0,0,0,-1,1,0
7345,0,0,0,1,1,0
7346,0,0,0,-1,1,0
7347,0,0,0,2,1,0
7348,0,0,0,-2,1,0
7350,0,0,0,0,0,0
7356,0,0,0,2,1,0
7357,0,0,0,-2,1,0
7374,0,0,0,1,1,0
7375,0,0,0,-1,1,0
7385,0,0,0,1,1,0
7386,0,0,0,-1,1,0
7390,0,0,0,2,1,0
7391,0,0,0,-2,1,0
7392,0,0,0,1,1,0
7393,0,0,0,-1,1,0
7400,0,0,0,0,0,0
7425,0,0,0,0,0,0
7431,0,0,0,1,1,0
7432,0,0,0,-1,1,0
7437,0,0,0,3,1,0
7438,0,0,0,-3,1,0
7445,0,0,0,1,1,0
7446,0,0,0,-1,1,0
7450,0,0,0,0,0,0
7455,0,0,0,1,1,0
7456,0,0,0,-1,1,0
7459,0,0,0,1,1,0
7460,0,0,0,-1,1,0
7466,0,0,0,1,1,0
7467,0,0,0,-1,1,0
7475,0,0,0,0,0,0
7479,0,0,0,1,1,0
7480,0,0,0,-1,1,0
7488,0,0,0,1,1,0
7489,0,0,0,-1,1,0
7500,0,0,0,0,0,0
7508,0,0,0,1,1,0
7509,0,0,0,-1,1,0
7516,0,0,0,1,1,0
7517,0,0,0,-1,1,0
7520,0,0,0,2,1,0
7521,0,0,0,-2,1,0
7524,0,0,0,1,1,0
7525,0,0,0,-1,1,0
7536,0,0,0,1,1,0
7537,0,0,0,-1,1,0
7542,0,0,0,1,1,0
7543,0,0,0,-1,1,0
7550,0,0,0,0,0,0
7552,0,0,0,3,1,0
7553,0,0,0,-3,1,0
7575,0,0,0,0,0,0
7581,0,0,0,1,1,0
7582,0,0,0,-1,1,0
7584,0,0,0,1,1,0
7585,0,0,0,-1,1,0
7595,0,0,0,2,1,0
7596,0,0,0,-2,1,0
7600,0,0,0,0,0,0
7609,0,0,0,3,1,0
7610,0,0,0,-3,1,0
7625,0,0,0,0,0,0
7641,0,0,0,1,1,0
7642,0,0,0,-1,1,0
7650,0,0,0,2,1,0
7651,0,0,0,-2,1,0
7662,0,0,0,1,1,0
7663,0,0,0,-1,1,0
7675,0,0,0,0,0,0
7682,0,0,0,1,1,0
7683,0,0,0,-1,1,0
7700,0,0,0,0,0,0
7706,0,0,0,1,1,0
7707,0,0,0,-1,1,0
7711,0,0,0,1,1,0
7712,0,0,0,-1,1,0
7713,0,0,0,1,1,0
7714,0,0,0,-1,1,0
7723,0,0,0,1,1,0
7724,0,0,0,0,1,0
7725,0,0,0,-1,1,0
7726,0,0,0,1,1,0
7727,0,0,0,0,1,0
7728,0,0,0,-1,1,0
7734,0,0,0,1,1,0
7735,0,0,0,-1,1,0
7737,0,0,0,1,1,0
7738,0,0,0,-1,1,0
7741,0,0,0,2,1,0
7742,0,0,0,-2,1,0
7750,0,0,0,0,0,0
7753,0,0,0,1,1,0
7754,0,0,0,-1,1,0
7756,0,0,0,1,1,0
7757,0,0,0,-1,1,0
7764,0,0,0,1,1,0
7765,0,0,0,-1,1,0
7775,0,0,0,0,0,0
7782,0,0,0,2,1,0
7783,0,0,0,-2,1,0
7790,0,0,0,1,1,0
7791,0,0,0,-1,1,0
7794,0,0,0,1,1,0
7795,0,0,0,-1,1,0
7797,0,0,0,1,1,0
7798,0,0,0,-1,1,0
7800,0,0,0,0,0,0
7825,0,0,0,0,0,0
7829,0,0,0,1,1,0
7830,0,0,0,-1,1,0
7850,0,0,0,0,0,0
7852,0,0,0,1,1,0
7853,0,0,0,-1,1,0
7864,0,0,0,4,1,0
7865,0,0,0,-4,1,0
7875,0,0,0,0,0,0
7878,0,0,0,1,1,0
7879,0,0,0,-1,1,0
7887,0,0,0,1,1,0
7888,0,0,0,-1,1,0
7900,0,0,0,0,0,0
7912,0,0,0,1,1,0
7913,0,0,0,-1,1,0
7914,0,0,0,1,1,0
7915,0,0,0,-1,1,0
7922,0,0,0,1,1,0
7923,0,0,0,-1,1,0
7925,0,0,0,0,0,0
7932,0,0,0,1,1,0
7933,0,0,0,-1,1,0
7939,0,0,0,1,1,0
7940,0,0,0,-1,1,0
7950,0,0,0,0,0,0
7952,0,0,0,1,1,0
7953,0,0,0,-1,1,0
7958,0,0,0,1,1,0
7959,0,0,0,-1,1,0
7969,0,0,0,1,1,0
7970,0,0,0,-1,1,0
7972,0,0,0,1,1,0
7973,0,0,0,-1,1,0
7975,0,0,0,1,1,0
7976,0,0,0,-1,1,0
7986,0,0,0,1,1,0
7987,0,0,0,-1,1,0
7994,0,0,0,1,1,0
7995,0,0,0,-1,1,0
8000,0,0,0,0,0,0
8002,0,0,0,1,1,0
8003,0,0,0,-1,1,0
8021,0,0,0,2,1,0
8022,0,0,0,-2,1,0
8025,0,0,0,0,0,0
8041,0,0,0,2,1,0
8042,0,0,0,-2,1,0
8050,0,0,0,0,0,0
8051,0,0,0,1,1,0
8052,0,0,0,-1,1,0
8067,0,0,0,1,1,0
8068,0,0,0,-1,1,0
8074,0,0,0,1,1,0
8075,0,0,0,-1,1,0
8080,0,0,0,2,1,0
8081,0,0,0,-2,1,0
8087,0,0,0,2,1,0
8088,0,0,0,-2,1,0
8091,0,0,0,2,1,0
8092,0,0,0,-2,1,0
8093,0,0,0,1,1,0
8094,0,0,0,-1,1,0
8100,0,0,0,0,0,0
8103,0,0,0,1,1,0
8104,0,0,0,-1,1,0
8109,0,0,0,1,1,0
8110,0,0,0,-1,1,0
8118,0,0,0,1,1,0
8119,0,0,0,-1,1,0
8125,0,0,0,0,0,0
8136,0,0,0,1,1,0
8137,0,0,0,-1,1,0
8139,0,0,0,1,1,0
8140,0,0,0,-1,1,0
8148,0,0,0,1,1,0
8149,0,0,0,-1,1,0
8150,0,0,0,0,0,0
8158,0,0,0,1,1,0
8159,0,0,0,-1,1,0
8165,0,0,0,1,1,0
8166,0,0,0,-1,1,0
8175,0,0,0,0,0,0
8181,0,0,0,1,1,0
8182,0,0,0,-1,1,0
8184,0,0,0,1,1,0
8185,0,0,0,-1,1,0
8189,0,0,0,1,1,0
8190,0,0,0,-1,1,0
8196,0,0,0,1,1,0
8197,0,0,0,-1,1,0
8200,0,0,0,0,0,0
8203,0,0,0,1,1,0
8204,0,0,0,-1,1,0
8225,0,0,0,0,0,0
8226,0,0,0,1,1,0
8227,0,0,0,-1,1,0
8229,0,0,0,1,1,0
8230,0,0,0,-1,1,0
8235,0,0,0,1,1,0
8236,0,0,0,-1,1,0
8247,0,0,0,1,1,0
8248,0,0,0,-1,1,0
8249,0,0,0,1,1,0
8250,0,0,0,-1,1,0
8260,0,0,0,1,1,0
8261,0,0,0,-1,1,0
8264,1,0,0,0,0,0
8265,1,0,0,0,0,0
8266,1,0,0,0,0,0
8267,1,0,0,0,0,0
8268,1,0,0,0,0,0
8269,1,0,0,0,0,0
8270,1,0,0,0,0,0
8271,1,0,0,0,0,0
8272,1,0,0,0,0,0
8273,1,0,0,0,0,0
8274,1,0,0,0,0,0
8275,1,0,0,0,0,0
8276,1,0,0,0,0,0
8277,1,0,0,0,0,0
8278,1,0,0,1,1,0
8279,1,0,0,-1,1,0
8280,1,0,0,0,0,0
8281,1,0,0,0,0,0
8282,1,0,0,0,0,0
8283,1,0,0,0,0,0
8284,1,0,0,0,0,0
8285,1,0,0,0,0,0
8286,1,0,0,0,0,0
8287,1,0,0,0,0,0
8288,1,0,0,0,0,0
8289,1,0,0,0,0,0
8290,1,0,0,0,0,0
8291,1,0,0,1,1,0
8292,1,0,0,0,1,0
8293,1,0,0,-1,1,0
8294,1,0,0,0,0,0
8295,1,0,0,0,0,0
8296,1,0,0,0,0,0
8297,1,0,0,0,0,0
8298,1,0,0,1,1,0
8299,1,0,0,-1,1,0
8300,1,0,0,0,0,0
8301,1,0,0,0,0,0
8302,1,0,0,0,0,0
8303,1,0,0,0,0,0
8304,1,0,0,0,0,0
8305,1,0,0,0,0,0
8306,1,0,0,0,0,0
8307,1,0,0,0,0,0
8308,1,0,0,0,0,0
8309,1,0,0,0,0,0
8310,1,0,0,0,0,0
8311,1,0,0,0,0,0
8312,1,0,0,0,0,0
8313,1,0,0,0,0,0
8314,1,0,0,0,0,0
8315,1,0,0,0,0,0
8316,1,0,0,0,0,0
8317,1,0,0,0,0,0
8318,1,0,0,0,0,0
8319,1,0,0,0,0,0
8320,1,0,0,0,0,0
8321,1,0,0,0,0,0
8322,1,0,0,0,0,0
8323,1,0,0,0,0,0
8324,1,0,0,0,0,0
8325,1,0,0,0,0,0
8326,1,0,0,1,1,0
8327,1,0,0,-1,1,0
8328,1,0,0,0,0,0
8329,1,0,0,0,0,0
8330,1,0,0,0,0,0
8331,1,0,0,0,0,0
8332,1,0,0,1,1,0
8333,1,0,0,-1,1,0
8334,1,0,0,0,0,0
8335,1,0,0,2,1,0
8336,1,0,0,-2,1,0
8337,1,0,0,0,0,0
8338,1,0,0,1,1,0
8339,1,0,0,-1,1,0
8340,1,0,0,0,0,0
8341,1,0,0,0,0,0
8342,1,0,0,0,0,0
8343,1,0,0,0,0,0
8344,1,0,0,0,0,0
8345,1,0,0,0,0,0
8346,1,0,0,0,0,0
8347,1,0,0,0,0,0
8348,1,0,0,0,0,0
8349,1,0,0,0,0,0
8350,1,0,0,0,0,0
8351,1,0,0,0,0,0
8352,1,0,0,0,0,0
8353,1,0,0,0,0,0
8354,1,0,0,0,0,0
8355,1,0,0,0,0,0
8356,1,0,0,0,0,0
8357,1,0,0,0,0,0
8358,1,0,0,0,0,0
8359,1,0,0,0,0,0
8360,1,0,0,0,0,0
8361,1,0,0,0,0,0
8362,1,0,0,0,0,0
8363,1,0,0,0,0,0
8364,1,0,0,0,0,0
8365,1,0,0,0,0,0
8366,1,0,0,1,1,0
8367,1,0,0,-1,1,0
8368,1,0,0,0,0,0
8369,1,0,0,0,0,0
8370,1,0,0,0,0,0
8371,1,0,0,0,0,0
8372,1,0,0,1,1,0
8373,1,0,0,-1,1,0
8374,1,0,0,0,0,0
8375,1,0,0,0,0,0
8376,1,0,0,0,0,0
8377,1,0,0,0,0,0
8378,1,0,0,0,0,0
8379,1,0,0,0,0,0
8380,1,0,0,0,0,0
8381,1,0,0,0,0,0
8382,1,0,0,0,0,0
8383,1,0,0,0,0,0
8384,1,0,0,0,0,0
8385,2,0,0,0,0,0
8386,0,1,0,1,1,0
8387,0,-1,0,-1,1,0
8388,0,0,0,1,1,0
8389,0,0,0,-1,1,0
8396,1,0,0,0,0,0
8397,1,0,0,0,0,0
8398,1,0,0,0,0,0
8399,1,0,0,0,0,0
8400,1,0,0,0,0,0
8401,1,0,0,0,0,0
8402,1,0,0,0,0,0
8403,1,0,0,0,0,0
8404,1,0,0,0,0,0
8405,1,0,0,0,0,0
8406,1,0,0,0,0,0
8407,1,0,0,0,0,0
8408,1,0,0,0,0,0
8409,1,0,0,0,0,0
8410,1,0,0,0,0,0
8411,1,0,0,0,0,0
8412,1,0,0,0,0,0
8413,1,0,0,0,0,0
8414,1,0,0,0,0,0
8415,1,0,0,0,0,0
8416,1,0,0,0,0,0
8417,1,0,0,0,0,0
8418,1,0,0,0,0,0
8419,1,0,0,0,0,0
8420,1,0,0,0,0,0
8421,1,0,0,0,0,0
8422,1,0,0,0,0,0
8423,1,0,0,0,0,0
8424,1,0,0,2,1,0
8425,1,0,0,-2,1,0
8426,1,0,0,0,0,0
8427,1,0,0,0,0,0
8428,1,0,0,0,0,0
8429,1,0,0,0,0,0
8430,1,0,0,0,0,0
8431,1,0,0,0,0,0
8432,1,0,0,0,0,0
8433,1,0,0,0,0,0
8434,1,0,0,0,0,0
8435,1,0,0,1,1,0
8436,1,0,0,-1,1,0
8437,1,0,0,0,0,0
8438,1,0,0,0,0,0
8439,1,0,0,0,0,0
8440,1,0,0,0,0,0
8441,1,0,0,0,0,0
8442,1,0,0,0,0,0
8443,1,0,0,0,0,0
8444,1,0,0,0,0,0
8445,1,0,0,0,0,0
8446,1,0,0,0,0,0
8447,1,0,0,0,0,0
8448,1,0,0,0,0,0
8449,1,0,0,0,0,0
8450,1,0,0,0,0,0
8451,1,0,0,0,0,0
8452,1,0,0,0,0,0
8453,1,0,0,1,1,0
8454,1,0,0,-1,1,0
8455,1,0,0,0,0,0
8456,1,0,0,0,0,0
8457,1,0,0,0,0,0
8458,1,0,0,0,0,0
8459,1,0,0,0,0,0
8460,1,0,0,1,1,0
8461,1,0,0,-1,1,0
8462,0,1,0,2,1,0
8463,0,-1,0,-2,1,0
8468,0,0,0,1,1,0
8469,0,0,0,-1,1,0
8475,0,0,0,0,0,0
8479,0,0,0,1,1,0
8480,0,0,0,-1,1,0
8498,0,0,0,1,1,0
8499,0,0,0,-1,1,0
8500,0,0,0,0,0,0
8501,0,0,0,1,1,0
8502,0,0,0,-1,1,0
8509,0,0,0,1,1,0
8510,0,0,0,-1,1,0
8525,0,0,0,0,0,0
8527,0,0,0,2,1,0
8528,0,0,0,-2,1,0
8534,1,0,0,0,0,0
8535,1,0,0,0,0,0
8536,1,0,0,0,0,0
8537,1,0,0,0,0,0
8538,1,0,0,0,0,0
8539,1,0,0,0,0,0
8540,1,0,0,0,0,0
8541,1,0,0,0,0,0
8542,1,0,0,0,0,0
8543,1,0,0,0,0,0
8544,1,0,0,0,0,0
8545,1,0,0,0,0,0
8546,1,0,0,0,0,0
8547,1,0,0,0,0,0
8548,1,0,0,0,0,0
8549,1,0,0,0,0,0
8550,1,0,0,0,0,0
8551,1,0,0,0,0,0
8552,1,0,0,0,0,0
8553,1,0,0,0,0,0
8554,1,0,0,0,0,0
8555,1,0,0,0,0,0
8556,1,0,0,1,1,0
8557,1,0,0,-1,1,0
8558,1,0,0,1,1,0
8559,1,0,0,-1,1,0
8560,1,0,0,0,0,0
8561,1,0,0,0,0,0
8562,1,0,0,0,0,0
8563,1,0,0,0,0,0
8564,1,0,0,1,1,0
8565,1,0,0,-1,1,0
8566,1,0,0,0,0,0
8567,1,0,0,0,0,0
8568,1,0,0,0,0,0
8569,0,0,1,1,1,0
8570,0,0,-1,-1,1,0
8573,0,0,0,1,1,0
8574,0,0,0,-1,1,0
8575,0,0,0,0,0,0
8578,1,0,0,1,1,0
8579,1,0,0,-1,1,0
8580,1,0,0,0,0,0
8581,1,0,0,0,0,0
8582,1,0,0,0,0,0
8583,1,0,0,0,0,0
8584,1,0,0,0,0,0
8585,1,0,0,0,0,0
8586,1,0,0,0,0,0
8587,1,0,0,0,0,0
8588,1,0,0,1,1,0
8589,1,0,0,-1,1,0
8590,1,0,0,0,0,0
8591,1,0,0,0,0,0
8592,1,0,0,2,1,0
8593,1,0,0,-2,1,0
8594,1,0,0,0,0,0
8595,1,0,0,0,0,0
8596,1,0,0,0,0,0
8597,1,0,0,0,0,0
8598,1,0,0,0,0,0
8599,1,0,0,0,0,0
8600,1,0,0,0,0,0
8601,1,0,0,0,0,0
8602,1,0,0,1,1,0
8603,1,0,0,-1,1,0
8604,1,0,0,0,0,0
8605,1,0,0,0,0,0
8606,1,0,0,0,0,0
8607,1,0,0,0,0,0
8608,1,0,0,0,0,0
8609,1,0,0,0,0,0
8610,1,0,0,0,0,0
8611,1,0,0,0,0,0
8612,1,0,0,0,0,0
8613,1,0,0,0,0,0
8614,1,0,0,0,0,0
8615,1,0,0,0,0,0
8616,1,0,0,0,0,0
8617,1,0,0,0,0,0
8618,1,0,0,0,0,0
8619,1,0,0,0,0,0
8620,1,0,0,0,0,0
8621,1,0,0,0,0,0
8622,1,0,0,0,0,0
8623,1,0,0,0,0,0
8624,1,0,0,0,0,0
8625,1,0,0,0,0,0
8626,1,0,0,0,0,0
8627,1,0,0,1,1,0
8628,1,0,0,-1,1,0
8629,1,0,0,0,0,0
8630,1,0,0,0,0,0
8631,1,0,0,1,1,0
8632,1,0,0,-1,1,0
8633,1,0,0,0,0,0
8634,1,0,0,0,0,0
8635,1,0,0,0,0,0
8636,1,0,0,0,0,0
8637,1,0,0,0,0,0
8638,1,0,0,0,0,0
8639,1,0,0,0,0,0
8640,1,0,0,2,1,0
8641,1,0,0,-2,1,0
8642,1,0,0,0,0,0
8643,1,0,0,0,0,0
8644,1,0,0,0,0,0
8645,1,0,0,0,0,0
8646,1,0,0,0,0,0
8647,1,0,0,0,0,0
8648,1,0,0,0,0,0
8649,1,0,0,0,0,0
8650,1,0,0,0,0,0
8651,1,0,0,0,0,0
8652,1,0,0,0,0,0
8653,1,0,0,0,0,0
8654,1,0,0,0,0,0
8655,1,0,0,0,0,0
8656,1,0,0,0,0,0
8657,1,0,0,0,0,0
8658,1,0,0,0,0,0
8659,1,0,0,1,1,0
8660,1,0,0,-1,1,0
8661,1,0,0,0,0,0
8662,1,0,0,0,0,0
8663,1,0,0,0,0,0
8664,1,0,0,0,0,0
8665,1,0,0,0,0,0
8666,1,0,0,0,0,0
8667,1,0,0,0,0,0
8668,1,0,0,0,0,0
8669,1,0,0,0,0,0
8670,1,0,0,0,0,0
8671,1,0,0,0,0,0
8672,1,0,0,0,0,0
8673,1,0,0,0,0,0
8674,1,0,0,0,0,0
8675,1,0,0,0,0,0
8676,1,0,0,0,0,0
8677,1,0,0,0,0,0
8678,1,0,0,0,0,0
8679,1,0,0,0,0,0
8680,1,0,0,2,1,0
8681,1,0,0,-2,1,0
8682,1,0,0,0,0,0
8683,1,0,0,1,1,0
8684,1,0,0,-1,1,0
8685,1,0,0,0,0,0
8686,1,0,0,0,0,0
8687,1,0,0,0,0,0
8688,1,0,0,0,0,0
8689,1,0,0,0,0,0
8690,1,0,0,0,0,0
8691,1,0,0,0,0,0
8692,1,0,0,0,0,0
8693,1,0,0,0,0,0
8694,1,0,0,0,0,0
8695,1,0,0,0,0,0
8696,1,0,0,0,0,0
8697,1,0,0,0,0,0
8698,1,0,0,0,0,0
8699,1,0,0,0,0,0
8700,1,0,0,0,0,0
8701,1,0,0,0,0,0
8702,1,0,0,0,0,0
8703,1,0,0,0,0,0
8704,1,0,0,0,0,0
8705,1,0,0,0,0,0
8706,1,0,0,0,0,0
8707,1,0,0,0,0,0
8708,1,0,0,0,0,0
8709,1,0,0,0,0,0
8710,1,0,0,0,0,0
8711,1,0,0,0,0,0
8712,1,0,0,1,1,0
8713,1,0,0,-1,1,0
8714,1,0,0,0,0,0
8715,1,0,0,0,0,0
8716,1,0,0,0,0,0
8717,1,0,0,0,0,0
8718,1,0,0,0,0,0
8719,1,0,0,0,0,0
8720,1,0,0,0,0,0
8721,1,0,0,0,0,0
8722,1,0,0,0,0,0
8723,1,0,0,0,0,0
8724,1,0,0,0,0,0
8725,1,0,0,0,0,0
8726,1,0,0,0,0,0
8727,1,0,0,0,0,0
8728,1,0,0,1,1,0
8729,1,0,0,-1,1,0
8730,1,0,0,1,1,0
8731,1,0,0,-1,1,0
8732,1,0,0,0,0,0
8733,1,0,0,0,0,0
8734,1,0,0,0,0,0
8735,1,0,0,0,0,0
8736,1,0,0,0,0,0
8737,1,0,0,0,0,0
8738,1,0,0,0,0,0
8739,1,0,0,0,0,0
8740,1,0,0,0,0,0
8741,1,0,0,0,0,0
8742,1,0,0,1,1,0
8743,1,0,0,-1,1,0
8744,1,0,0,0,0,0
8745,1,0,0,1,1,0
8746,1,0,0,-1,1,0
8747,1,0,0,0,0,0
8748,1,0,0,0,0,0
8749,1,0,0,0,0,0
8750,1,0,0,0,0,0
8751,1,0,0,0,0,0
8752,1,0,0,0,0,0
8753,1,0,0,0,0,0
8754,1,0,0,0,0,0
8755,1,0,0,0,0,0
8756,1,0,0,0,0,0
8757,1,0,0,0,0,0
8758,1,0,0,0,0,0
8759,1,0,0,0,0,0
8760,1,0,0,0,0,0
8761,1,0,0,0,0,0
8762,1,0,0,0,0,0
8763,1,0,0,0,0,0
8764,1,0,0,0,0,0
8765,1,0,0,0,0,0
8766,1,0,0,0,0,0
8767,1,0,0,0,0,0
8768,1,0,0,0,0,0
8769,1,0,0,0,0,0
8770,1,0,0,0,0,0
8771,1,0,0,0,0,0
8772,1,0,0,0,0,0
8773,1,0,0,0,0,0
8774,1,0,0,0,0,0
8775,1,0,0,0,0,0
8776,1,0,0,0,0,0
8777,1,0,0,0,0,0
8778,1,0,0,0,0,0
8779,1,0,0,0,0,0
8780,1,0,0,0,0,0
8781,1,0,0,0,0,0
8782,1,0,0,1,1,0
8783,1,0,0,-1,1,0
8784,1,0,0,0,0,0
8785,1,0,0,0,0,0
8786,1,0,0,0,0,0
8787,1,0,0,0,0,0
8788,1,0,0,0,0,0
8789,1,0,0,0,0,0
8790,1,0,0,0,0,0
8791,1,0,0,0,0,0
8792,1,0,0,0,0,0
8793,1,0,0,0,0,0
8794,1,0,0,0,0,0
8795,1,0,0,0,0,0
8796,1,0,0,1,1,0
8797,1,0,0,-1,1,0
8798,1,0,0,0,0,0
8799,1,0,0,0,0,0
8800,1,0,0,0,0,0
8801,1,0,0,0,0,0
8802,1,0,0,0,0,0
8803,1,0,0,0,0,0
8804,1,0,0,0,0,0
8805,1,0,0,0,0,0
8806,1,0,0,0,0,0
8807,1,0,0,0,0,0
8808,1,0,0,0,0,0
8809,1,0,0,0,0,0
8810,1,0,0,0,0,0
8811,1,0,0,0,0,0
8812,1,0,0,1,1,0
8813,1,0,0,-1,1,0
8814,1,0,0,0,0,0
8815,1,0,0,0,0,0
8816,1,0,0,0,0,0
8817,1,0,0,0,0,0
8818,1,0,0,0,0,0
8819,1,0,0,1,1,0
8820,1,0,0,-1,1,0
8821,1,0,0,2,1,0
8822,1,0,0,-2,1,0
8823,1,0,0,0,0,0
8824,1,0,0,0,0,0
8825,1,0,0,0,0,0
8826,1,0,0,0,0,0
8827,1,0,0,0,0,0
8828,1,0,0,0,0,0
8829,1,0,0,0,0,0
8830,1,0,0,0,0,0
8831,1,0,0,1,1,0
8832,1,0,0,-1,1,0
8833,1,0,0,1,1,0
8834,1,0,0,-1,1,0
8835,1,0,0,0,0,0
8836,1,0,0,0,0,0
8837,1,0,0,0,0,0
8838,1,0,0,2,1,0
8839,1,0,0,-2,1,0
8840,1,0,0,0,0,0
8841,1,0,0,0,0,0
8842,1,0,0,0,0,0
8843,1,0,0,0,0,0
8844,1,0,0,0,0,0
8845,1,0,0,0,0,0
8846,1,0,0,0,0,0
8847,1,0,0,0,0,0
8848,1,0,0,0,0,0
8849,1,0,0,0,0,0
8850,1,0,0,0,0,0
8851,1,0,0,0,0,0
8852,1,0,0,1,1,0
8853,1,0,0,-1,1,0
8854,1,0,0,0,0,0
8855,1,0,0,0,0,0
8856,1,0,0,1,1,0
8857,1,0,0,-1,1,0
8858,1,0,0,0,0,0
8859,1,0,0,0,0,0
8860,1,0,0,2,1,0
8861,1,0,0,-2,1,0
8862,1,0,0,0,0,0
8863,1,0,0,0,0,0
8864,1,0,0,0,0,0
8865,1,0,0,0,0,0
8866,1,0,0,0,0,0
8867,1,0,0,0,0,0
8868,1,0,0,0,0,0
8869,1,0,0,0,0,0
8870,1,0,0,0,0,0
8871,1,0,0,0,0,0
8872,1,0,0,0,0,0
8873,1,0,0,0,0,0
8874,1,0,0,0,0,0
8875,1,0,0,0,0,0
8876,1,0,0,0,0,0
8877,1,0,0,0,0,0
8878,1,0,0,0,0,0
8879,1,0,0,1,1,0
8880,1,0,0,-1,1,0
8881,1,0,0,0,0,0
8882,1,0,0,0,0,0
8883,1,0,0,0,0,0
8884,1,0,0,0,0,0
8885,1,0,0,0,0,0
8886,1,0,0,1,1,0
8887,1,0,0,-1,1,0
8888,1,0,0,0,0,0
8889,1,0,0,0,0,0
8890,1,0,0,0,0,0
8891,1,0,0,0,0,0
8892,1,0,0,1,1,0
8893,1,0,0,-1,1,0
8894,1,0,0,0,0,0
8895,1,0,0,0,0,0
8896,1,0,0,0,0,0
8897,1,0,0,0,0,0
8898,1,0,0,0,0,0
8899,1,0,0,0,0,0
8900,1,0,0,0,0,0
8901,1,0,0,0,0,0
8902,1,0,0,0,0,0
8903,1,0,0,0,0,0
8904,1,0,0,0,0,0
8905,1,0,0,0,0,0
8906,1,0,0,0,0,0
8907,1,0,0,2,1,0
8908,1,0,0,-1,1,0
8909,1,0,0,-1,1,0
8910,1,0,0,2,1,0
8911,1,0,0,-2,1,0
8912,1,0,0,0,0,0
8913,1,0,0,0,0,0
8914,1,0,0,2,1,0
8915,1,0,0,-2,1,0
8916,1,0,0,0,0,0
8917,1,0,0,0,0,0
8918,1,0,0,0,0,0
8919,1,0,0,1,1,0
8920,1,0,0,-1,1,0
8921,1,0,0,0,0,0
8922,1,0,0,0,0,0
8923,1,0,0,0,0,0
8924,1,0,0,0,0,0
8925,1,0,0,0,0,0
8926,1,0,0,0,0,0
8927,1,0,0,0,0,0
8928,1,0,0,0,0,0
8929,1,0,0,1,1,0
8930,1,0,0,-1,1,0
8931,1,0,0,0,0,0
8932,1,0,0,0,0,0
8933,1,0,0,0,0,0
8934,1,0,0,0,0,0
8935,1,0,0,0,0,0
8936,1,0,0,0,0,0
8937,1,0,0,0,0,0
8938,1,0,0,0,0,0
8939,1,0,0,2,1,0
8940,1,0,0,-2,1,0
8941,1,0,0,0,0,0
8942,1,0,0,0,0,0
8943,1,0,0,1,1,0
8944,1,0,0,-1,1,0
8945,1,0,0,0,0,0
8946,1,0,0,0,0,0
8947,1,0,0,0,0,0
8948,1,0,0,0,0,0
8949,1,0,0,0,0,0
8950,1,0,0,0,0,0
8951,1,0,0,0,0,0
8952,1,0,0,2,1,0
8953,1,0,0,-2,1,0
8954,1,0,0,0,0,0
8955,1,0,0,0,0,0
8956,1,0,0,0,0,0
8957,1,0,0,0,0,0
8958,1,0,0,0,0,0
8959,1,0,0,0,0,0
8960,1,0,0,0,0,0
8961,1,0,0,0,0,0
8962,1,0,0,1,1,0
8963,1,0,0,-1,1,0
8964,1,0,0,0,0,0
8965,1,0,0,0,0,0
8966,1,0,0,1,1,0
8967,1,0,0,-1,1,0
8968,1,0,0,0,0,0
8969,1,0,0,0,0,0
8970,1,0,0,2,1,0
8971,1,0,0,-2,1,0
8972,1,0,0,0,0,0
8973,1,0,0,0,0,0
8974,1,0,0,1,1,0
8975,1,0,0,-1,1,0
8976,1,0,0,0,0,0
8977,1,0,0,0,0,0
8978,1,0,0,1,1,0
8979,1,0,0,-1,1,0
8980,1,0,0,0,0,0
8981,1,0,0,0,0,0
8982,1,0,0,0,0,0
8983,1,0,0,0,0,0
8984,1,0,0,0,0,0
8985,1,0,0,0,0,0
8986,1,0,0,0,0,0
8987,1,0,0,0,0,0
8988,1,0,0,0,0,0
8989,1,0,0,0,0,0
8990,1,0,0,0,0,0
8991,1,0,0,0,0,0
8992,1,0,0,0,0,0
8993,1,0,0,0,0,0
8994,1,0,0,0,0,0
8995,1,0,0,0,0,0
8996,1,0,0,0,0,0
8997,1,0,0,0,0,0
8998,1,0,0,0,0,0
8999,1,0,0,0,0,0
9000,1,0,0,0,0,0
9001,1,0,0,0,0,0
9002,1,0,0,0,0,0
9003,1,0,0,0,0,0
9004,1,0,0,0,0,0
9005,1,0,0,0,0,0
9006,1,0,0,0,0,0
9007,1,0,0,0,0,0
9008,1,0,0,1,1,0
9009,1,0,0,-1,1,0
9010,1,0,0,0,0,0
9011,1,0,0,0,0,0
9012,1,0,0,0,0,0
9013,1,0,0,0,0,0
9014,1,0,0,0,0,0
9015,1,0,0,0,0,0
9016,1,0,0,0,0,0
9017,1,0,0,0,0,0
9018,1,0,0,0,0,0
9019,1,0,0,1,1,0
9020,1,0,0,-1,1,0
9021,1,0,0,1,1,0
9022,1,0,0,-1,1,0
9023,1,0,0,0,0,0
9024,1,0,0,0,0,0
9025,1,0,0,0,0,0
9026,1,0,0,0,0,0
9027,1,0,0,0,0,0
9028,1,0,0,0,0,0
9029,1,0,0,0,0,0
9030,1,0,0,0,0,0
9031,1,0,0,0,0,0
9032,1,0,0,0,0,0
9033,1,0,0,0,0,0
9034,1,0,0,0,0,0
9035,1,0,0,0,0,0
9036,1,0,0,0,0,0
9037,1,0,0,0,0,0
9038,1,0,0,0,0,0
9039,1,0,0,1,1,0
9040,1,0,0,-1,1,0
9041,1,0,0,0,0,0
9042,1,0,0,0,0,0
9043,1,0,0,2,1,0
9044,1,0,0,-2,1,0
9045,1,0,0,0,0,0
9046,1,0,0,0,0,0
9047,1,0,0,0,0,0
9048,1,0,0,0,0,0
9049,1,0,0,0,0,0
9050,1,0,0,0,0,0
9051,1,0,0,0,0,0
9052,1,0,0,0,0,0
9053,1,0,0,0,0,0
9054,1,0,0,0,0,0
9055,1,0,0,1,1,0
9056,1,0,0,-1,1,0
9057,1,0,0,0,0,0
9058,1,0,0,0,0,0
9059,1,0,0,0,0,0
9060,1,0,0,0,0,0
9061,1,0,0,0,0,0
9062,1,0,0,0,0,0
9063,1,0,0,0,0,0
9064,1,0,0,0,0,0
9065,1,0,0,0,0,0
9066,1,0,0,0,0,0
9067,1,0,0,0,0,0
9068,1,0,0,0,0,0
9069,1,0,0,1,1,0
9070,1,0,0,-1,1,0
9071,1,0,0,0,0,0
9072,1,0,0,0,0,0
9073,1,0,0,0,0,0
9074,1,0,0,0,0,0
9075,1,0,0,0,0,0
9076,1,0,0,0,0,0
9077,1,0,0,0,0,0
9078,1,0,0,0,0,0
9079,1,0,0,0,0,0
9080,1,0,0,0,0,0
9081,1,0,0,1,1,0
9082,1,0,0,-1,1,0
9083,1,0,0,0,0,0
9084,1,0,0,0,0,0
9085,1,0,0,0,0,0
9086,1,0,0,0,0,0
9087,1,0,0,0,0,0
9088,1,0,0,0,0,0
9089,1,0,0,0,0,0
9090,1,0,0,0,0,0
9091,1,0,0,0,0,0
9092,1,0,0,0,0,0
9093,1,0,0,0,0,0
9094,1,0,0,0,0,0
9095,1,0,0,1,1,0
9096,1,0,0,-1,1,0
9097,1,0,0,0,0,0
9098,1,0,0,1,1,0
9099,1,0,0,-1,1,0
9100,1,0,0,0,0,0
9101,1,0,0,0,0,0
9102,1,0,0,0,0,0
9103,1,0,0,0,0,0
9104,1,0,0,0,0,0
9105,1,0,0,0,0,0
9106,1,0,0,0,0,0
9107,1,0,0,0,0,0
9108,1,0,0,0,0,0
9109,1,0,0,0,0,0
9110,1,0,0,1,1,0
9111,1,0,0,-1,1,0
9112,1,0,0,0,0,0
9113,1,0,0,0,0,0
9114,1,0,0,0,0,0
9115,1,0,0,1,1,0
9116,1,0,0,-1,1,0
9117,1,0,0,0,0,0
9118,1,0,0,0,0,0
9119,1,0,0,0,0,0
9120,1,0,0,1,1,0
9121,1,0,0,-1,1,0
9122,1,0,0,0,0,0
9123,1,0,0,0,0,0
9124,1,0,0,0,0,0
9125,1,0,0,0,0,0
9126,1,0,0,0,0,0
9127,1,0,0,0,0,0
9128,1,0,0,0,0,0
9129,1,0,0,0,0,0
9130,1,0,0,0,0,0
9131,1,0,0,0,0,0
9132,1,0,0,0,0,0
9133,1,0,0,1,1,0
9134,1,0,0,-1,1,0
9135,1,0,0,0,0,0
9136,1,0,0,0,0,0
9137,1,0,0,0,0,0
9138,1,0,0,0,0,0
9139,1,0,0,0,0,0
9140,1,0,0,0,0,0
9141,1,0,0,0,0,0
9142,1,0,0,0,0,0
9143,1,0,0,0,0,0
9144,1,0,0,0,0,0
9145,1,0,0,1,1,0
9146,1,0,0,-1,1,0
9147,1,0,0,0,0,0
9148,1,0,0,0,0,0
9149,1,0,0,0,0,0
9150,1,0,0,0,0,0
9151,1,0,0,0,0,0
9152,1,0,0,0,0,0
9153,1,0,0,0,0,0
9154,1,0,0,0,0,0
9155,1,0,0,0,0,0
9156,1,0,0,0,0,0
9157,1,0,0,0,0,0
9158,1,0,0,0,0,0
9159,1,0,0,0,0,0
9160,1,0,0,0,0,0
9161,1,0,0,0,0,0
9162,1,0,0,0,0,0
9163,1,0,0,0,0,0
9164,1,0,0,0,0,0
9165,1,0,0,1,1,0
9166,1,0,0,-1,1,0
9167,1,0,0,0,0,0
9168,1,0,0,0,0,0
9169,1,0,0,0,0,0
9170,1,0,0,0,0,0
9171,1,0,0,1,1,0
9172,1,0,0,-1,1,0
9173,1,0,0,0,0,0
9174,1,0,0,1,1,0
9175,1,0,0,-1,1,0
9176,1,0,0,0,0,0
9177,1,0,0,0,0,0
9178,1,0,0,0,0,0
9179,1,0,0,0,0,0
9180,1,0,0,0,0,0
9181,1,0,0,0,0,0
9182,1,0,0,0,0,0
9183,1,0,0,0,0,0
9184,1,0,0,0,0,0
9185,1,0,0,0,0,0
9186,1,0,0,0,0,0
9187,1,0,0,1,1,0
9188,1,0,0,-1,1,0
9189,1,0,0,0,0,0
9190,1,0,0,0,0,0
9191,1,0,0,0,0,0
9192,1,0,0,0,0,0
9193,1,0,0,0,0,0
9194,1,0,0,0,0,0
9195,1,0,0,1,1,0
9196,1,0,0,-1,1,0
9197,1,0,0,1,1,0
9198,1,0,0,-1,1,0
9199,1,0,0,0,0,0
9200,1,0,0,0,0,0
9201,1,0,0,0,0,0
9202,1,0,0,1,1,0
9203,1,0,0,-1,1,0
9204,1,0,0,0,0,0
9205,1,0,0,0,0,0
9206,1,0,0,1,1,0
9207,1,0,0,-1,1,0
9208,1,0,0,0,0,0
9209,1,0,0,0,0,0
9210,1,0,0,0,0,0
9211,1,0,0,0,0,0
9212,1,0,0,0,0,0
9213,1,0,0,1,1,0
9214,1,0,0,-1,1,0
9215,1,0,0,0,0,0
9216,1,0,0,0,0,0
9217,1,0,0,0,0,0
9218,1,0,0,0,0,0
9219,1,0,0,0,0,0
9220,1,0,0,0,0,0
9221,1,0,0,0,0,0
9222,1,0,0,0,0,0
9223,1,0,0,0,0,0
9224,1,0,0,0,0,0
9225,1,0,0,0,0,0
9226,1,0,0,0,0,0
9227,1,0,0,0,0,0
9228,1,0,0,0,0,0
9229,1,0,0,0,0,0
9230,1,0,0,0,0,0
9231,1,0,0,0,0,0
9232,1,0,0,0,0,0
9233,1,0,0,0,0,0
9234,1,0,0,0,0,0
9235,1,0,0,0,0,0
9236,1,0,0,0,0,0
9237,1,0,0,0,0,0
9238,1,0,0,0,0,0
9239,1,0,0,0,0,0
9240,1,0,0,0,0,0
9241,1,0,0,0,0,0
9242,1,0,0,0,0,0
9243,1,0,0,0,0,0
9244,1,0,0,1,1,0
9245,1,0,0,0,1,0
9246,1,0,0,-1,1,0
9247,1,0,0,0,0,0
9248,1,0,0,0,0,0
9249,1,0,0,0,0,0
9250,1,0,0,0,0,0
9251,1,0,0,0,0,0
9252,1,0,0,0,0,0
9253,1,0,0,0,0,0
9254,1,0,0,0,0,0
9255,1,0,0,0,0,0
9256,1,0,0,0,0,0
9257,1,0,0,0,0,0
9258,1,0,0,0,0,0
9259,1,0,0,0,0,0
9260,1,0,0,0,0,0
9261,1,0,0,0,0,0
9262,1,0,0,0,0,0
9263,1,0,0,0,0,0
9264,1,0,0,0,0,0
9265,1,0,0,3,1,0
9266,1,0,0,-3,1,0
9267,1,0,0,2,1,0
9268,1,0,0,-2,1,0
9269,1,0,0,0,0,0
9270,1,0,0,0,0,0
9271,1,0,0,0,0,0
9272,1,0,0,0,0,0
9273,1,0,0,0,0,0
9274,1,0,0,0,0,0
9275,1,0,0,1,1,0
9276,1,0,0,-1,1,0
9277,1,0,0,0,0,0
9278,1,0,0,0,0,0
9279,1,0,0,0,0,0
9280,1,0,0,0,0,0
9281,1,0,0,0,0,0
9282,1,0,0,0,0,0
9283,1,0,0,0,0,0
9284,1,0,0,0,0,0
9285,1,0,0,0,0,0
9286,1,0,0,0,0,0
9287,1,0,0,1,1,0
9288,1,0,0,-1,1,0
9289,1,0,0,0,0,0
9290,1,0,0,0,0,0
9291,1,0,0,0,0,0
9292,1,0,0,0,0,0
9293,1,0,0,0,0,0
9294,1,0,0,0,0,0
9295,1,0,0,0,0,0
9296,1,0,0,0,0,0
9297,1,0,0,0,0,0
9298,1,0,0,0,0,0
9299,1,0,0,1,1,0
9300,1,0,0,-1,1,0
9301,1,0,0,0,0,0
9302,1,0,0,0,0,0
9303,1,0,0,0,0,0
9304,1,0,0,0,0,0
9305,1,0,0,0,0,0
9306,1,0,0,0,0,0
9307,1,0,0,0,0,0
9308,1,0,0,0,0,0
9309,1,0,0,0,0,0
9310,1,0,0,0,0,0
9311,1,0,0,0,0,0
9312,1,0,0,0,0,0
9313,1,0,0,0,0,0
9314,1,0,0,0,0,0
9315,1,0,0,0,0,0
9316,1,0,0,0,0,0
9317,1,0,0,0,0,0
9318,1,0,0,0,0,0
9319,1,0,0,0,0,0
9320,1,0,0,0,0,0
9321,1,0,0,0,0,0
9322,1,0,0,0,0,0
9323,1,0,0,2,1,0
9324,1,0,0,-2,1,0
9325,1,0,0,0,0,0
9326,1,0,0,0,0,0
9327,1,0,0,0,0,0
9328,1,0,0,0,0,0
9329,1,0,0,0,0,0
9330,1,0,0,0,0,0
9331,1,0,0,0,0,0
9332,1,0,0,0,0,0
9333,1,0,0,1,1,0
9334,1,0,0,-1,1,0
9335,1,0,0,0,0,0
9336,1,0,0,0,0,0
9337,1,0,0,0,0,0
9338,1,0,0,0,0,0
9339,1,0,0,0,0,0
9340,1,0,0,0,0,0
9341,1,0,0,1,1,0
9342,1,0,0,-1,1,0
9343,1,0,0,0,0,0
9344,1,0,0,0,0,0
9345,1,0,0,0,0,0
9346,1,0,0,0,0,0
9347,1,0,0,0,0,0
9348,1,0,0,0,0,0
9349,1,0,0,0,0,0
9350,1,0,0,0,0,0
9351,1,0,0,0,0,0
9352,1,0,0,0,0,0
9353,1,0,0,0,0,0
9354,1,0,0,0,0,0
9355,1,0,0,0,0,0
9356,1,0,0,0,0,0
9357,1,0,0,0,0,0
9358,1,0,0,0,0,0
9359,1,0,0,0,0,0
9360,1,0,0,0,0,0
9361,1,0,0,0,0,0
9362,1,0,0,0,0,0
9363,1,0,0,0,0,0
9364,1,0,0,0,0,0
9365,1,0,0,0,0,0
9366,1,0,0,0,0,0
9367,1,0,0,0,0,0
9368,1,0,0,2,1,0
9369,1,0,0,-2,1,0
9370,1,0,0,0,0,0
9371,1,0,0,0,0,0
9372,1,0,0,0,0,0
9373,1,0,0,0,0,0
9374,1,0,0,1,1,0
9375,1,0,0,-1,1,0
9376,1,0,0,0,0,0
9377,1,0,0,0,0,0
9378,1,0,0,0,0,0
9379,1,0,0,0,0,0
9380,1,0,0,0,0,0
9381,1,0,0,0,0,0
9382,1,0,0,0,0,0
9383,1,0,0,0,0,0
9384,1,0,0,0,0,0
9385,1,0,0,0,0,0
9386,1,0,0,0,0,0
9387,1,0,0,0,0,0
9388,1,0,0,0,0,0
9389,1,0,0,0,0,0
9390,1,0,0,0,0,0
9391,1,0,0,0,0,0
9392,1,0,0,0,0,0
9393,1,0,0,1,1,0
9394,1,0,0,-1,1,0
9395,1,0,0,0,0,0
9396,1,0,0,0,0,0
9397,1,0,0,0,0,0
9398,1,0,0,0,0,0
9399,1,0,0,0,0,0
9400,1,0,0,0,0,0
9401,1,0,0,0,0,0
9402,1,0,0,0,0,0
9403,1,0,0,0,0,0
9404,1,0,0,0,0,0
9405,1,0,0,0,0,0
9406,1,0,0,0,0,0
9407,1,0,0,0,0,0
9408,1,0,0,0,0,0
9409,1,0,0,0,0,0
9410,1,0,0,0,0,0
9411,1,0,0,0,0,0
9412,1,0,0,0,0,0
9413,1,0,0,1,1,0
9414,1,0,0,-1,1,0
9415,1,0,0,2,1,0
9416,1,0,0,-1,1,0
9417,1,0,0,-1,1,0
9418,1,0,0,0,0,0
9419,1,0,0,0,0,0
9420,1,0,0,0,0,0
9421,1,0,0,0,0,0
9422,1,0,0,1,1,0
9423,1,0,0,-1,1,0
9424,1,0,0,0,0,0
9425,1,0,0,0,0,0
9426,1,0,0,0,0,0
9427,1,0,0,0,0,0
9428,1,0,0,0,0,0
9429,1,0,0,0,0,0
9430,1,0,0,0,0,0
9431,1,0,0,0,0,0
9432,1,0,0,0,0,0
9433,1,0,0,0,0,0
9434,1,0,0,1,1,0
9435,1,0,0,-1,1,0
9436,1,0,0,0,0,0
9437,1,0,0,0,0,0
9438,1,0,0,0,0,0
9439,1,0,0,0,0,0
9440,1,0,0,0,0,0
9441,1,0,0,0,0,0
9442,1,0,0,0,0,0
9443,1,0,0,0,0,0
9444,1,0,0,0,0,0
9445,1,0,0,0,0,0
9446,1,0,0,0,0,0
9447,1,0,0,0,0,0
9448,1,0,0,0,0,0
9449,1,0,0,0,0,0
9450,1,0,0,0,0,0
9451,1,0,0,0,0,0
9452,1,0,0,0,0,0
9453,1,0,0,0,0,0
9454,1,0,0,0,0,0
9455,1,0,0,0,0,0
9456,1,0,0,0,0,0
9457,1,0,0,0,0,0
9458,1,0,0,0,0,0
9459,1,0,0,0,0,0
9460,1,0,0,0,0,0
9461,1,0,0,1,1,0
9462,1,0,0,-1,1,0
9463,1,0,0,0,0,0
9464,1,0,0,1,1,0
9465,1,0,0,-1,1,0
9466,1,0,0,0,0,0
9467,1,0,0,0,0,0
9468,1,0,0,0,0,0
9469,1,0,0,0,0,0
9470,1,0,0,0,0,0
9471,1,0,0,0,0,0
9472,1,0,0,0,0,0
9473,1,0,0,0,0,0
9474,1,0,0,0,0,0
9475,1,0,0,0,0,0
9476,1,0,0,0,0,0
9477,1,0,0,1,1,0
9478,1,0,0,-1,1,0
9479,1,0,0,0,0,0
9480,1,0,0,0,0,0
9481,1,0,0,0,0,0
9482,1,0,0,0,0,0
9483,1,0,0,0,0,0
9484,1,0,0,0,0,0
9485,1,0,0,0,0,0
9486,1,0,0,0,0,0
9487,1,0,0,0,0,0
9488,1,0,0,0,0,0
9489,1,0,0,0,0,0
9490,1,0,0,0,0,0
9491,1,0,0,0,0,0
9492,1,0,0,0,0,0
9493,1,0,0,0,0,0
9494,1,0,0,0,0,0
9495,1,0,0,0,0,0
9496,1,0,0,0,0,0
9497,1,0,0,0,0,0
9498,1,0,0,0,0,0
9499,1,0,0,0,0,0
9500,1,0,0,0,0,0
9501,1,0,0,0,0,0
9502,1,0,0,0,0,0
9503,1,0,0,0,0,0
9504,1,0,0,0,0,0
9505,1,0,0,0,0,0
9506,1,0,0,0,0,0
9507,1,0,0,0,0,0
9508,1,0,0,0,0,0
9509,1,0,0,0,0,0
9510,1,0,0,0,0,0
9511,1,0,0,0,0,0
9512,1,0,0,1,1,0
9513,1,0,0,-1,1,0
9514,1,0,0,0,0,0
9515,1,0,0,0,0,0
9516,1,0,0,0,0,0
9517,1,0,0,0,0,0
9518,1,0,0,0,0,0
9519,1,0,0,0,0,0
9520,1,0,0,0,0,0
9521,1,0,0,0,0,0
9522,1,0,0,0,0,0
9523,1,0,0,0,0,0
9524,1,0,0,0,0,0
9525,1,0,0,0,0,0
9526,1,0,0,0,0,0
9527,1,0,0,0,0,0
9528,1,0,0,0,0,0
9529,1,0,0,0,0,0
9530,1,0,0,0,0,0
9531,1,0,0,0,0,0
9532,1,0,0,0,0,0
9533,1,0,0,0,0,0
9534,1,0,0,0,0,0
9535,1,0,0,0,0,0
9536,1,0,0,0,0,0
9537,1,0,0,0,0,0
9538,1,0,0,0,0,0
9539,1,0,0,0,0,0
9540,1,0,0,1,1,0
9541,1,0,0,-1,1,0
9542,1,0,0,0,0,0
9543,1,0,0,0,0,0
9544,1,0,0,0,0,0
9545,1,0,0,0,0,0
9546,1,0,0,0,0,0
9547,1,0,0,1,1,0
9548,1,0,0,-1,1,0
9549,1,0,0,0,0,0
9550,1,0,0,0,0,0
9551,1,0,0,0,0,0
9552,1,0,0,0,0,0
9553,1,0,0,0,0,0
9554,1,0,0,0,0,0
9555,1,0,0,0,0,0
9556,1,0,0,0,0,0
9557,1,0,0,0,0,0
9558,1,0,0,0,0,0
9559,1,0,0,0,0,0
9560,1,0,0,0,0,0
9561,1,0,0,0,0,0
9562,1,0,0,0,0,0
9563,1,0,0,0,0,0
9564,1,0,0,0,0,0
9565,1,0,0,0,0,0
9566,1,0,0,0,0,0
9567,1,0,0,0,0,0
9568,1,0,0,0,0,0
9569,1,0,0,0,0,0
9570,1,0,0,0,0,0
9571,1,0,0,0,0,0
9572,1,0,0,0,0,0
9573,1,0,0,1,1,0
9574,1,0,0,-1,1,0
9575,1,0,0,0,0,0
9576,1,0,0,0,0,0
9577,1,0,0,0,0,0
9578,1,0,0,0,0,0
9579,1,0,0,0,0,0
9580,1,0,0,0,0,0
9581,1,0,0,0,0,0
9582,1,0,0,0,0,0
9583,1,0,0,0,0,0
9584,1,0,0,0,0,0
9585,1,0,0,0,0,0
9586,1,0,0,0,0,0
9587,1,0,0,0,0,0
9588,1,0,0,0,0,0
9589,1,0,0,0,0,0
9590,1,0,0,0,0,0
9591,1,0,0,0,0,0
9592,1,0,0,0,0,0
9593,1,0,0,0,0,0
9594,1,0,0,0,0,0
9595,1,0,0,0,0,0
9596,1,0,0,0,0,0
9597,1,0,0,1,1,0
9598,1,0,0,-1,1,0
9599,1,0,0,0,0,0
9600,1,0,0,1,1,0
9601,1,0,0,-1,1,0
9602,1,0,0,0,0,0
9603,1,0,0,0,0,0
9604,1,0,0,0,0,0
9605,1,0,0,0,0,0
9606,1,0,0,0,0,0
9607,1,0,0,0,0,0
9608,1,0,0,0,0,0
9609,1,0,0,0,0,0
9610,1,0,0,0,0,0
9611,1,0,0,0,0,0
9612,1,0,0,0,0,0
9613,1,0,0,0,0,0
9614,1,0,0,0,0,0
9615,1,0,0,0,0,0
9616,1,0,0,0,0,0
9617,1,0,0,0,0,0
9618,1,0,0,0,0,0
9619,1,0,0,0,0,0
9620,1,0,0,0,0,0
9621,1,0,0,0,0,0
9622,1,0,0,1,1,0
9623,1,0,0,-1,1,0
9624,1,0,0,0,0,0
9625,1,0,0,0,0,0
9626,1,0,0,0,0,0
9627,1,0,0,0,0,0
9628,1,0,0,2,1,0
9629,1,0,0,-2,1,0
9630,1,0,0,0,0,0
9631,1,0,0,0,0,0
9632,1,0,0,0,0,0
9633,1,0,0,0,0,0
9634,1,0,0,0,0,0
9635,1,0,0,0,0,0
9636,1,0,0,2,1,0
9637,1,0,0,-2,1,0
9638,1,0,0,0,0,0
9639,1,0,0,0,0,0
9640,2,0,0,0,0,0
9650,0,0,0,0,0,0
9661,0,0,0,1,1,0
9662,0,0,0,-1,1,0
9668,0,0,0,1,1,0
9669,0,0,0,-1,1,0
9675,0,0,0,0,0,0
9678,0,0,0,2,1,0
9679,0,0,0,-2,1,0
9685,0,0,0,1,1,0
9686,0,0,0,-1,1,0
9687,0,0,0,1,1,0
9688,0,0,0,-1,1,0
9700,0,0,0,0,0,0
9706,0,0,0,1,1,0
9707,0,0,0,-1,1,0
9720,0,0,0,1,1,0
9721,0,0,0,-1,1,0
9725,0,0,0,0,0,0
9733,0,0,0,2,1,0
9734,0,0,0,-2,1,0
9742,0,0,0,1,1,0
9743,0,0,0,-1,1,0
9750,0,0,0,0,0,0
9761,0,0,0,1,1,0
9762,0,0,0,-1,1,0
9765,0,0,0,3,1,0
9766,0,0,0,-3,1,0
9775,0,0,0,0,0,0
9788,0,0,0,1,1,0
9789,0,0,0,-1,1,0
9800,0,0,0,0,0,0
9815,0,0,0,1,1,0
9816,0,0,0,-1,1,0
9825,0,0,0,0,0,0
9844,0,0,0,1,1,0
9845,0,0,0,-1,1,0
9847,0,0,0,2,1,0
9848,0,0,0,-2,1,0
9850,0,0,0,0,0,0
9855,0,0,0,1,1,0
9856,0,0,0,-1,1,0
9858,0,0,0,3,1,0
9859,0,0,0,-2,1,0
9860,0,0,0,-1,1,0
9875,0,0,0,0,0,0
9887,0,0,0,1,1,0
9888,0,0,0,-1,1,0
9892,0,0,0,1,1,0
9893,0,0,0,-1,1,0
9899,0,0,0,1,1,0
9900,0,0,0,-1,1,0
9915,0,0,0,1,1,0
9916,0,0,0,-1,1,0
9925,0,0,0,0,0,0
9926,0,0,0,1,1,0
9927,0,0,0,-1,1,0
9929,0,0,0,2,1,0
9930,0,0,0,-2,1,0
9939,0,0,0,1,1,0
9940,0,0,0,-1,1,0
9944,0,0,0,1,1,0
9945,0,0,0,-1,1,0
9946,0,0,0,2,1,0
9947,0,0,0,-2,1,0
9950,0,0,0,0,0,0
9954,0,0,0,1,1,0
9955,0,0,0,0,1,0
9956,0,0,0,-1,1,0
9961,0,0,0,1,1,0
9962,0,0,0,0,1,0
9963,0,0,0,-1,1,0
9970,0,0,0,1,1,0
9971,0,0,0,-1,1,0
9973,0,0,0,1,1,0
9974,0,0,0,-1,1,0
9975,0,0,0,0,0,0
9976,0,0,0,1,1,0
9977,0,0,0,-1,1,0
9978,0,0,0,1,1,0
9979,0,0,0,-1,1,0
9994,0,0,0,1,1,0
9995,0,0,0,-1,1,0
9996,0,0,0,1,1,0
9997,0,0,0,-1,1,0
10000,0,0,0,0,0,0
10008,0,0,0,1,1,0
10009,0,0,0,-1,1,0
10010,0,0,0,1,1,0
10011,0,0,0,-1,1,0
10025,0,0,0,0,0,0
10047,0,0,0,1,1,0
10048,0,0,0,-1,1,0
10050,0,0,0,0,0,0
10069,0,0,0,2,1,0
10070,0,0,0,-2,1,0
10071,0,0,0,1,1,0
10072,0,0,0,-1,1,0
10075,0,0,0,0,0,0
10080,0,0,0,1,1,0
10081,0,0,0,-1,1,0
10084,0,0,0,1,1,0
10085,0,0,0,-1,1,0
10100,0,0,0,0,0,0
10106,0,0,0,1,1,0
10107,0,0,0,-1,1,0
10108,0,0,0,1,1,0
10109,0,0,0,-1,1,0
10110,0,0,0,2,1,0
10111,0,0,0,-2,1,0
10117,0,0,0,1,1,0
10118,0,0,0,-1,1,0
10119,0,0,0,2,1,0
10120,0,0,0,-2,1,0
10125,0,0,0,0,0,0
10126,0,0,0,1,1,0
10127,0,0,0,-1,1,0
10128,0,0,0,2,1,0
10129,0,0,0,-2,1,0
10143,0,0,0,1,1,0
10144,0,0,0,-1,1,0
10150,0,0,0,0,0,0
10152,0,0,0,1,1,0
10153,0,0,0,-1,1,0
10159,0,0,0,1,1,0
10160,0,0,0,0,1,0
10161,0,0,0,-1,1,0
10168,0,0,0,1,1,0
10169,0,0,0,-1,1,0
10175,0,0,0,1,1,0
10176,0,0,0,-1,1,0
10194,0,0,0,2,1,0
10195,0,0,0,-2,1,0
10196,0,0,0,1,1,0
10197,0,0,0,-1,1,0
10198,0,0,0,1,1,0
10199,0,0,0,-1,1,0
10200,0,0,0,0,0,0
10201,0,0,0,1,1,0
10202,0,0,0,-1,1,0
10225,0,0,0,0,0,0
10229,0,0,0,1,1,0
10230,0,0,0,-1,1,0
10239,0,0,0,1,1,0
10240,0,0,0,-1,1,0
10250,0,0,0,0,0,0
10251,0,0,0,1,1,0
10252,0,0,0,-1,1,0
10275,0,0,0,0,0,0
10284,0,0,0,3,1,0
10285,0,0,0,-3,1,0
10298,0,0,0,1,1,0
10299,0,0,0,-1,1,0
10300,0,0,0,0,0,0
10302,0,0,0,1,1,0
10303,0,0,0,-1,1,0
10314,0,0,0,1,1,0
10315,0,0,0,-1,1,0
10325,0,0,0,1,1,0
10326,0,0,0,-1,1,0
10328,0,0,0,1,1,0
10329,0,0,0,-1,1,0
10333,0,0,0,1,1,0
10334,0,0,0,-1,1,0
10341,0,0,0,1,1,0
10342,0,0,0,-1,1,0
10350,0,0,0,0,0,0
10351,1,0,0,0,0,0
10352,1,0,0,0,0,0
10353,1,0,0,1,1,0
10354,1,0,0,-1,1,0
10355,1,0,0,0,0,0
10356,1,0,0,0,0,0
10357,1,0,0,0,0,0
10358,1,0,0,0,0,0
10359,0,0,1,1,1,0
10360,0,0,-1,-1,1,0
10371,0,0,0,1,1,0
10372,0,0,0,-1,1,0
10375,0,0,0,0,0,0
10381,0,0,0,1,1,0
10382,0,0,0,-1,1,0
10391,0,0,0,1,1,0
10392,0,0,0,-1,1,0
10396,1,0,0,0,0,0
10397,1,0,0,0,0,0
10398,1,0,0,1,1,0
10399,1,0,0,-1,1,0
10400,1,0,0,0,0,0
10401,1,0,0,0,0,0
10402,1,0,0,0,0,0
10403,1,0,0,0,0,0
10404,1,0,0,0,0,0
10405,1,0,0,0,0,0
10406,1,0,0,1,1,0
10407,1,0,0,-1,1,0
10408,1,0,0,1,1,0
10409,1,0,0,-1,1,0
10410,1,0,0,0,0,0
10411,1,0,0,0,0,0
10412,1,0,0,0,0,0
10413,1,0,0,0,0,0
10414,1,0,0,0,0,0
10415,1,0,0,1,1,0
10416,1,0,0,-1,1,0
10417,1,0,0,0,0,0
10418,1,0,0,0,0,0
10419,1,0,0,0,0,0
10420,1,0,0,0,0,0
10421,0,1,0,1,1,0
10422,0,-1,0,-1,1,0
10425,0,0,0,0,0,0
10426,0,0,0,1,1,0
10427,0,0,0,-1,1,0
10448,0,0,0,1,1,0
10449,0,0,0,-1,1,0
10450,0,0,0,1,1,0
10451,0,0,0,-1,1,0
10454,1,0,0,3,1,0
10455,1,0,0,-2,1,0
10456,1,0,0,-1,1,0
10457,1,0,0,0,0,0
10458,1,0,0,0,0,0
10459,1,0,0,0,0,0
10460,1,0,0,0,0,0
10461,1,0,0,0,0,0
10462,1,0,0,0,0,0
10463,1,0,0,0,0,0
10464,1,0,0,0,0,0
10465,1,0,0,0,0,0
10466,1,0,0,0,0,0
10467,1,0,0,0,0,0
10468,1,0,0,0,0,0
10469,1,0,0,0,0,0
10470,1,0,0,0,0,0
10471,1,0,0,0,0,0
10472,1,0,0,0,0,0
10473,1,0,0,0,0,0
10474,1,0,0,0,0,0
10475,1,0,0,2,1,0
10476,1,0,0,-2,1,0
10477,1,0,0,0,0,0
10478,1,0,0,0,0,0
10479,1,0,0,0,0,0
10480,1,0,0,0,0,0
10481,1,0,0,0,0,0
10482,1,0,0,0,0,0
10483,1,0,0,0,0,0
10484,1,0,0,0,0,0
10485,0,1,0,2,1,0
10486,0,-1,0,-2,1,0
10492,0,0,0,1,1,0
10493,0,0,0,-1,1,0
10500,0,0,0,0,0,0
10506,0,0,0,1,1,0
10507,0,0,0,-1,1,0
10509,0,0,0,2,1,0
10510,0,0,0,-2,1,0
10515,0,0,0,1,1,0
10516,0,0,0,-1,1,0
10524,0,0,0,1,1,0
10525,0,0,0,-1,1,0
10527,0,0,0,2,1,0
10528,0,0,0,-2,1,0
10529,0,0,0,2,1,0
10530,0,0,0,-2,1,0
10547,0,0,0,1,1,0
10548,0,0,0,-1,1,0
10549,0,0,0,3,1,0
10550,0,0,0,-3,1,0
10571,0,0,0,1,1,0
10572,0,0,0,1,1,0
10573,0,0,0,-2,1,0
10574,0,0,0,1,1,0
10575,0,0,0,-1,1,0
10599,0,0,0,1,1,0
10600,0,0,0,-1,1,0
10604,0,0,0,1,1,0
10605,0,0,0,-1,1,0
10625,0,0,0,0,0,0
10643,0,0,0,1,1,0
10644,0,0,0,-1,1,0
10650,0,0,0,1,1,0
10651,0,0,0,-1,1,0
10656,0,0,0,1,1,0
10657,0,0,0,-1,1,0
10659,0,0,0,1,1,0
10660,0,0,0,-1,1,0
10664,0,0,0,1,1,0
10665,0,0,0,-1,1,0
10667,0,0,0,1,1,0
10668,0,0,0,-1,1,0
10674,0,0,0,1,1,0
10675,0,0,0,-1,1,0
10683,0,0,0,1,1,0
10684,0,0,0,0,1,0
10685,0,0,0,-1,1,0
10694,0,0,0,1,1,0
10695,0,0,0,-1,1,0
10700,0,0,0,1,1,0
10701,0,0,0,-1,1,0
10710,0,0,0,3,1,0
10711,0,0,0,-3,1,0
10713,0,0,0,1,1,0
10714,0,0,0,-1,1,0
10722,0,0,0,1,1,0
10723,0,0,0,-1,1,0
10725,0,0,0,0,0,0
10739,0,0,0,1,1,0
10740,0,0,0,-1,1,0
10742,0,0,0,1,1,0
10743,0,0,0,-1,1,0
10750,0,0,0,0,0,0
10771,0,0,0,1,1,0
10772,0,0,0,-1,1,0
10775,0,0,0,0,0,0
10778,0,0,0,1,1,0
10779,0,0,0,-1,1,0
10796,0,0,0,1,1,0
10797,0,0,0,-1,1,0
10800,0,0,0,0,0,0
10802,0,0,0,1,1,0
10803,0,0,0,-1,1,0
10808,0,0,0,1,1,0
10809,0,0,0,-1,1,0
10819,1,0,0,0,0,0
10820,1,0,0,0,0,0
10821,1,0,0,0,0,0
10822,1,0,0,0,0,0
10823,1,0,0,0,0,0
10824,1,0,0,0,0,0
10825,1,0,0,0,0,0
10826,1,0,0,1,1,0
10827,1,0,0,-1,1,0
10828,1,0,0,0,0,0
10829,1,0,0,0,0,0
10830,1,0,0,0,0,0
10831,1,0,0,0,0,0
10832,1,0,0,0,0,0
10833,1,0,0,0,0,0
10834,1,0,0,0,0,0
10835,1,0,0,0,0,0
10836,1,0,0,0,0,0
10837,1,0,0,0,0,0
10838,1,0,0,0,0,0
10839,1,0,0,0,0,0
10840,1,0,0,1,1,0
10841,1,0,0,-1,1,0
10842,1,0,0,0,0,0
10843,1,0,0,0,0,0
10844,1,0,0,0,0,0
10845,1,0,0,0,0,0
10846,1,0,0,0,0,0
10847,1,0,0,0,0,0
10848,1,0,0,0,0,0
10849,1,0,0,0,0,0
10850,1,0,0,0,0,0
10851,1,0,0,0,0,0
10852,1,0,0,0,0,0
10853,1,0,0,0,0,0
10854,1,0,0,0,0,0
10855,1,0,0,0,0,0
10856,1,0,0,0,0,0
10857,1,0,0,0,0,0
10858,1,0,0,0,0,0
10859,1,0,0,0,0,0
10860,1,0,0,0,0,0
10861,1,0,0,0,0,0
10862,1,0,0,1,1,0
10863,1,0,0,1,1,0
10864,1,0,0,-2,1,0
10865,1,0,0,0,0,0
10866,1,0,0,0,0,0
10867,1,0,0,0,0,0
10868,1,0,0,0,0,0
10869,1,0,0,0,0,0
10870,1,0,0,0,0,0
10871,1,0,0,0,0,0
10872,1,0,0,0,0,0
10873,1,0,0,0,0,0
10874,1,0,0,1,1,0
10875,1,0,0,-1,1,0
10876,1,0,0,0,0,0
10877,1,0,0,0,0,0
10878,1,0,0,0,0,0
10879,1,0,0,0,0,0
10880,1,0,0,1,1,0
10881,1,0,0,-1,1,0
10882,1,0,0,0,0,0
10883,1,0,0,0,0,0
10884,1,0,0,0,0,0
10885,1,0,0,0,0,0
10886,1,0,0,0,0,0
10887,1,0,0,0,0,0
10888,1,0,0,0,0,0
10889,1,0,0,0,0,0
10890,1,0,0,0,0,0
10891,1,0,0,0,0,0
10892,1,0,0,0,0,0
10893,1,0,0,0,0,0
10894,1,0,0,0,0,0
10895,1,0,0,0,0,0
10896,1,0,0,0,0,0
10897,1,0,0,0,0,0
10898,1,0,0,0,0,0
10899,1,0,0,0,0,0
10900,1,0,0,0,0,0
10901,1,0,0,0,0,0
10902,1,0,0,0,0,0
10903,1,0,0,1,1,0
10904,1,0,0,-1,1,0
10905,1,0,0,0,0,0
10906,1,0,0,0,0,0
10907,1,0,0,0,0,0
10908,1,0,0,1,1,0
10909,1,0,0,-1,1,0
10910,1,0,0,0,0,0
10911,1,0,0,0,0,0
10912,1,0,0,0,0,0
10913,1,0,0,0,0,0
10914,1,0,0,0,0,0
10915,1,0,0,2,1,0
10916,1,0,0,-2,1,0
10917,1,0,0,0,0,0
10918,1,0,0,0,0,0
10919,1,0,0,0,0,0
10920,1,0,0,0,0,0
10921,1,0,0,0,0,0
10922,1,0,0,0,0,0
10923,1,0,0,0,0,0
10924,1,0,0,0,0,0
10925,1,0,0,0,0,0
10926,1,0,0,0,0,0
10927,1,0,0,1,1,0
10928,1,0,0,-1,1,0
10929,1,0,0,2,1,0
10930,1,0,0,-1,1,0
10931,1,0,0,-1,1,0
10932,1,0,0,0,0,0
10933,1,0,0,0,0,0
10934,1,0,0,0,0,0
10935,1,0,0,0,0,0
10936,1,0,0,0,0,0
10937,1,0,0,1,1,0
10938,1,0,0,-1,1,0
10939,1,0,0,0,0,0
10940,1,0,0,0,0,0
10941,1,0,0,0,0,0
10942,1,0,0,0,0,0
10943,1,0,0,0,0,0
10944,1,0,0,0,0,0
10945,1,0,0,0,0,0
10946,1,0,0,0,0,0
10947,1,0,0,2,1,0
10948,1,0,0,-2,1,0
10949,1,0,0,0,0,0
10950,1,0,0,0,0,0
10951,1,0,0,0,0,0
10952,1,0,0,0,0,0
10953,1,0,0,0,0,0
10954,1,0,0,0,0,0
10955,1,0,0,0,0,0
10956,1,0,0,0,0,0
10957,1,0,0,0,0,0
10958,1,0,0,0,0,0
10959,1,0,0,0,0,0
10960,1,0,0,0,0,0
10961,1,0,0,0,0,0
10962,1,0,0,0,0,0
10963,1,0,0,0,0,0
10964,1,0,0,0,0,0
10965,1,0,0,0,0,0
10966,1,0,0,0,0,0
10967,1,0,0,0,0,0
10968,1,0,0,0,0,0
10969,1,0,0,0,0,0
10970,1,0,0,0,0,0
10971,1,0,0,0,0,0
10972,1,0,0,0,0,0
10973,1,0,0,0,0,0
10974,1,0,0,0,0,0
10975,1,0,0,0,0,0
10976,1,0,0,0,0,0
10977,1,0,0,0,0,0
10978,1,0,0,0,0,0
10979,1,0,0,0,0,0
10980,1,0,0,0,0,0
10981,1,0,0,2,1,0
10982,1,0,0,-2,1,0
10983,1,0,0,1,1,0
10984,1,0,0,-1,1,0
10985,1,0,0,0,0,0
10986,1,0,0,0,0,0
10987,1,0,0,0,0,0
10988,1,0,0,0,0,0
10989,1,0,0,0,0,0
10990,1,0,0,0,0,0
10991,1,0,0,0,0,0
10992,1,0,0,0,0,0
10993,1,0,0,0,0,0
10994,1,0,0,0,0,0
10995,1,0,0,0,0,0
10996,1,0,0,0,0,0
10997,1,0,0,0,0,0
10998,1,0,0,0,0,0
10999,1,0,0,0,0,0
11000,1,0,0,0,0,0
11001,1,0,0,0,0,0
11002,1,0,0,0,0,0
11003,1,0,0,0,0,0
11004,1,0,0,0,0,0
11005,1,0,0,0,0,0
11006,1,0,0,0,0,0
11007,1,0,0,0,0,0
11008,1,0,0,1,1,0
11009,1,0,0,-1,1,0
11010,1,0,0,0,0,0
11011,1,0,0,0,0,0
11012,1,0,0,0,0,0
11013,1,0,0,0,0,0
11014,1,0,0,0,0,0
11015,1,0,0,0,0,0
11016,1,0,0,0,0,0
11017,1,0,0,0,0,0
11018,1,0,0,0,0,0
11019,1,0,0,0,0,0
11020,1,0,0,0,0,0
11021,1,0,0,0,0,0
11022,1,0,0,0,0,0
11023,1,0,0,0,0,0
11024,1,0,0,1,1,0
11025,1,0,0,-1,1,0
11026,1,0,0,0,0,0
11027,1,0,0,1,1,0
11028,1,0,0,-1,1,0
11029,1,0,0,0,0,0
11030,1,0,0,0,0,0
11031,1,0,0,0,0,0
11032,1,0,0,0,0,0
11033,1,0,0,0,0,0
11034,1,0,0,0,0,0
11035,1,0,0,0,0,0
11036,1,0,0,0,0,0
11037,1,0,0,0,0,0
11038,1,0,0,0,0,0
11039,1,0,0,0,0,0
11040,1,0,0,0,0,0
11041,1,0,0,0,0,0
11042,1,0,0,0,0,0
11043,1,0,0,0,0,0
11044,1,0,0,0,0,0
11045,1,0,0,0,0,0
11046,1,0,0,0,0,0
11047,1,0,0,0,0,0
11048,1,0,0,0,0,0
11049,1,0,0,0,0,0
11050,1,0,0,1,1,0
11051,1,0,0,-1,1,0
11052,1,0,0,0,0,0
11053,1,0,0,0,0,0
11054,1,0,0,0,0,0
11055,1,0,0,0,0,0
11056,1,0,0,0,0,0
11057,1,0,0,0,0,0
11058,1,0,0,0,0,0
11059,1,0,0,0,0,0
11060,1,0,0,0,0,0
11061,1,0,0,0,0,0
11062,1,0,0,1,1,0
11063,1,0,0,-1,1,0
11064,1,0,0,0,0,0
11065,1,0,0,0,0,0
11066,1,0,0,0,0,0
11067,1,0,0,0,0,0
11068,1,0,0,0,0,0
11069,1,0,0,0,0,0
11070,1,0,0,0,0,0
11071,1,0,0,0,0,0
11072,1,0,0,0,0,0
11073,1,0,0,1,1,0
11074,1,0,0,-1,1,0
11075,1,0,0,0,0,0
11076,1,0,0,0,0,0
11077,1,0,0,0,0,0
11078,1,0,0,0,0,0
11079,1,0,0,0,0,0
11080,1,0,0,0,0,0
11081,1,0,0,0,0,0
11082,1,0,0,1,1,0
11083,1,0,0,-1,1,0
11084,1,0,0,0,0,0
11085,1,0,0,1,1,0
11086,1,0,0,-1,1,0
11087,1,0,0,2,1,0
11088,1,0,0,0,1,0
11089,1,0,0,-2,1,0
11090,1,0,0,0,0,0
11091,1,0,0,0,0,0
11092,1,0,0,0,0,0
11093,1,0,0,0,0,0
11094,1,0,0,0,0,0
11095,1,0,0,0,0,0
11096,1,0,0,0,0,0
11097,1,0,0,1,1,0
11098,1,0,0,0,1,0
11099,1,0,0,0,1,0
11100,1,0,0,0,1,0
11101,1,0,0,-1,1,0
11102,1,0,0,2,1,0
11103,1,0,0,-2,1,0
11104,1,0,0,0,0,0
11105,1,0,0,0,0,0
11106,1,0,0,0,0,0
11107,1,0,0,0,0,0
11108,1,0,0,0,0,0
11109,1,0,0,1,1,0
11110,1,0,0,-1,1,0
11111,1,0,0,0,0,0
11112,1,0,0,0,0,0
11113,1,0,0,1,1,0
11114,1,0,0,-1,1,0
11115,1,0,0,0,0,0
11116,1,0,0,0,0,0
11117,1,0,0,0,0,0
11118,1,0,0,1,1,0
11119,1,0,0,-1,1,0
11120,1,0,0,0,0,0
11121,1,0,0,0,0,0
11122,1,0,0,0,0,0
11123,1,0,0,0,0,0
11124,1,0,0,0,0,0
11125,1,0,0,0,0,0
11126,1,0,0,1,1,0
11127,1,0,0,-1,1,0
11128,1,0,0,0,0,0
11129,1,0,0,0,0,0
11130,1,0,0,0,0,0
11131,1,0,0,0,0,0
11132,1,0,0,0,0,0
11133,1,0,0,0,0,0
11134,1,0,0,1,1,0
11135,1,0,0,0,1,0
11136,1,0,0,-1,1,0
11137,1,0,0,0,0,0
11138,1,0,0,0,0,0
11139,1,0,0,0,0,0
11140,1,0,0,0,0,0
11141,1,0,0,0,0,0
11142,1,0,0,0,0,0
11143,1,0,0,0,0,0
11144,1,0,0,0,0,0
11145,1,0,0,0,0,0
11146,1,0,0,0,0,0
11147,1,0,0,0,0,0
11148,1,0,0,0,0,0
11149,1,0,0,0,0,0
11150,1,0,0,0,0,0
11151,1,0,0,0,0,0
11152,1,0,0,0,0,0
11153,1,0,0,0,0,0
11154,1,0,0,1,1,0
11155,1,0,0,-1,1,0
11156,1,0,0,0,0,0
11157,1,0,0,0,0,0
11158,1,0,0,0,0,0
11159,1,0,0,0,0,0
11160,1,0,0,0,0,0
11161,1,0,0,0,0,0
11162,1,0,0,0,0,0
11163,1,0,0,0,0,0
11164,1,0,0,0,0,0
11165,1,0,0,0,0,0
11166,1,0,0,0,0,0
11167,1,0,0,0,0,0
11168,1,0,0,0,0,0
11169,1,0,0,0,0,0
11170,1,0,0,0,0,0
11171,1,0,0,0,0,0
11172,1,0,0,0,0,0
11173,1,0,0,0,0,0
11174,1,0,0,0,0,0
11175,1,0,0,0,0,0
11176,1,0,0,0,0,0
11177,1,0,0,0,0,0
11178,1,0,0,0,0,0
11179,1,0,0,0,0,0
11180,1,0,0,0,0,0
11181,1,0,0,0,0,0
11182,1,0,0,0,0,0
11183,1,0,0,0,0,0
11184,1,0,0,0,0,0
11185,1,0,0,0,0,0
11186,1,0,0,0,0,0
11187,1,0,0,0,0,0
11188,1,0,0,1,1,0
11189,1,0,0,-1,1,0
11190,1,0,0,0,0,0
11191,1,0,0,0,0,0
11192,1,0,0,0,0,0
11193,1,0,0,0,0,0
11194,1,0,0,0,0,0
11195,1,0,0,0,0,0
11196,1,0,0,0,0,0
11197,1,0,0,2,1,0
11198,1,0,0,-2,1,0
11199,1,0,0,0,0,0
11200,1,0,0,0,0,0
11201,1,0,0,0,0,0
11202,1,0,0,0,0,0
11203,1,0,0,1,1,0
11204,1,0,0,-1,1,0
11205,1,0,0,0,0,0
11206,1,0,0,1,1,0
11207,1,0,0,-1,1,0
11208,1,0,0,0,0,0
11209,1,0,0,0,0,0
11210,1,0,0,0,0,0
11211,1,0,0,0,0,0
11212,1,0,0,0,0,0
11213,1,0,0,0,0,0
11214,1,0,0,0,0,0
11215,1,0,0,0,0,0
11216,1,0,0,0,0,0
11217,1,0,0,0,0,0
11218,1,0,0,0,0,0
11219,1,0,0,0,0,0
11220,1,0,0,0,0,0
11221,1,0,0,1,1,0
11222,1,0,0,1,1,0
11223,1,0,0,-2,1,0
11224,1,0,0,0,0,0
11225,1,0,0,0,0,0
11226,1,0,0,0,0,0
11227,1,0,0,0,0,0
11228,1,0,0,0,0,0
11229,1,0,0,0,0,0
11230,1,0,0,0,0,0
11231,1,0,0,1,1,0
11232,1,0,0,-1,1,0
11233,1,0,0,0,0,0
11234,1,0,0,0,0,0
11235,1,0,0,0,0,0
11236,1,0,0,0,0,0
11237,1,0,0,0,0,0
11238,1,0,0,0,0,0
11239,1,0,0,0,0,0
11240,1,0,0,0,0,0
11241,1,0,0,0,0,0
11242,1,0,0,0,0,0
11243,1,0,0,0,0,0
11244,1,0,0,0,0,0
11245,1,0,0,0,0,0
11246,1,0,0,0,0,0
11247,1,0,0,0,0,0
11248,1,0,0,0,0,0
11249,1,0,0,0,0,0
11250,1,0,0,1,1,0
11251,1,0,0,-1,1,0
11252,1,0,0,0,0,0
11253,1,0,0,0,0,0
11254,1,0,0,2,1,0
11255,1,0,0,-2,1,0
11256,1,0,0,0,0,0
11257,1,0,0,0,0,0
11258,1,0,0,0,0,0
11259,1,0,0,0,0,0
11260,1,0,0,0,0,0
11261,1,0,0,1,1,0
11262,1,0,0,-1,1,0
11263,1,0,0,0,0,0
11264,1,0,0,0,0,0
11265,1,0,0,0,0,0
11266,1,0,0,0,0,0
11267,1,0,0,0,0,0
11268,1,0,0,0,0,0
11269,1,0,0,0,0,0
11270,1,0,0,0,0,0
11271,1,0,0,0,0,0
11272,1,0,0,0,0,0
11273,1,0,0,0,0,0
11274,1,0,0,0,0,0
11275,1,0,0,0,0,0
11276,1,0,0,0,0,0
11277,1,0,0,3,1,0
11278,1,0,0,-2,1,0
11279,1,0,0,-1,1,0
11280,1,0,0,0,0,0
11281,1,0,0,0,0,0
11282,1,0,0,0,0,0
11283,1,0,0,0,0,0
11284,1,0,0,0,0,0
11285,1,0,0,0,0,0
11286,1,0,0,0,0,0
11287,1,0,0,0,0,0
11288,1,0,0,0,0,0
11289,1,0,0,0,0,0
11290,1,0,0,0,0,0
11291,1,0,0,0,0,0
11292,1,0,0,0,0,0
11293,1,0,0,0,0,0
11294,1,0,0,0,0,0
11295,1,0,0,1,1,0
11296,1,0,0,-1,1,0
11297,1,0,0,0,0,0
11298,1,0,0,0,0,0
11299,1,0,0,0,0,0
11300,1,0,0,0,0,0
11301,1,0,0,0,0,0
11302,1,0,0,1,1,0
11303,1,0,0,-1,1,0
11304,1,0,0,0,0,0
11305,1,0,0,0,0,0
11306,1,0,0,0,0,0
11307,1,0,0,0,0,0
11308,1,0,0,0,0,0
11309,1,0,0,0,0,0
11310,1,0,0,0,0,0
11311,1,0,0,0,0,0
11312,1,0,0,0,0,0
11313,1,0,0,0,0,0
11314,1,0,0,0,0,0
11315,1,0,0,0,0,0
11316,1,0,0,0,0,0
11317,1,0,0,2,1,0
11318,1,0,0,-2,1,0
11319,1,0,0,0,0,0
11320,1,0,0,0,0,0
11321,1,0,0,0,0,0
11322,1,0,0,0,0,0
11323,1,0,0,0,0,0
11324,1,0,0,0,0,0
11325,1,0,0,0,0,0
11326,1,0,0,0,0,0
11327,1,0,0,0,0,0
11328,1,0,0,0,0,0
11329,1,0,0,0,0,0
11330,1,0,0,0,0,0
11331,1,0,0,0,0,0
11332,1,0,0,1,1,0
11333,1,0,0,-1,1,0
11334,1,0,0,0,0,0
11335,1,0,0,0,0,0
11336,1,0,0,0,0,0
11337,1,0,0,0,0,0
11338,1,0,0,0,0,0
11339,1,0,0,0,0,0
11340,1,0,0,0,0,0
11341,1,0,0,0,0,0
11342,1,0,0,0,0,0
11343,1,0,0,0,0,0
11344,1,0,0,0,0,0
11345,1,0,0,0,0,0
11346,1,0,0,0,0,0
11347,1,0,0,0,0,0
11348,1,0,0,0,0,0
11349,1,0,0,0,0,0
11350,1,0,0,1,1,0
11351,1,0,0,0,1,0
11352,1,0,0,-1,1,0
11353,1,0,0,0,0,0
11354,1,0,0,0,0,0
11355,1,0,0,0,0,0
11356,1,0,0,0,0,0
11357,1,0,0,0,0,0
11358,1,0,0,0,0,0
11359,1,0,0,0,0,0
11360,1,0,0,0,0,0
11361,1,0,0,0,0,0
11362,1,0,0,1,1,0
11363,1,0,0,-1,1,0
11364,1,0,0,0,0,0
11365,1,0,0,2,1,0
11366,1,0,0,-2,1,0
11367,1,0,0,2,1,0
11368,1,0,0,-2,1,0
11369,1,0,0,0,0,0
11370,1,0,0,0,0,0
11371,1,0,0,0,0,0
11372,1,0,0,0,0,0
11373,1,0,0,0,0,0
11374,1,0,0,0,0,0
11375,1,0,0,0,0,0
11376,1,0,0,0,0,0
11377,1,0,0,0,0,0
11378,1,0,0,0,0,0
11379,1,0,0,0,0,0
11380,1,0,0,0,0,0
11381,1,0,0,0,0,0
11382,1,0,0,0,0,0
11383,1,0,0,1,1,0
11384,1,0,0,-1,1,0
11385,1,0,0,0,0,0
11386,1,0,0,0,0,0
11387,1,0,0,1,1,0
11388,1,0,0,-1,1,0
11389,1,0,0,0,0,0
11390,1,0,0,0,0,0
11391,1,0,0,0,0,0
11392,1,0,0,0,0,0
11393,1,0,0,0,0,0
11394,1,0,0,0,0,0
11395,1,0,0,0,0,0
11396,1,0,0,2,1,0
11397,1,0,0,-2,1,0
11398,1,0,0,0,0,0
11399,1,0,0,0,0,0
11400,1,0,0,0,0,0
11401,1,0,0,0,0,0
11402,1,0,0,0,0,0
11403,1,0,0,0,0,0
11404,1,0,0,0,0,0
11405,1,0,0,0,0,0
11406,1,0,0,0,0,0
11407,1,0,0,1,1,0
11408,1,0,0,-1,1,0
11409,1,0,0,0,0,0
11410,1,0,0,0,0,0
11411,1,0,0,0,0,0
11412,1,0,0,0,0,0
11413,1,0,0,0,0,0
11414,1,0,0,0,0,0
11415,1,0,0,0,0,0
11416,1,0,0,0,0,0
11417,1,0,0,0,0,0
11418,1,0,0,0,0,0
11419,1,0,0,0,0,0
11420,1,0,0,0,0,0
11421,1,0,0,0,0,0
11422,1,0,0,0,0,0
11423,1,0,0,0,0,0
11424,1,0,0,1,1,0
11425,1,0,0,-1,1,0
11426,1,0,0,0,0,0
11427,1,0,0,0,0,0
11428,1,0,0,0,0,0
11429,1,0,0,0,0,0
11430,1,0,0,0,0,0
11431,1,0,0,0,0,0
11432,1,0,0,0,0,0
11433,1,0,0,0,0,0
11434,1,0,0,3,1,0
11435,1,0,0,-3,1,0
11436,1,0,0,0,0,0
11437,1,0,0,0,0,0
11438,1,0,0,0,0,0
11439,1,0,0,0,0,0
11440,1,0,0,0,0,0
11441,1,0,0,0,0,0
11442,1,0,0,0,0,0
11443,1,0,0,0,0,0
11444,1,0,0,0,0,0
11445,1,0,0,0,0,0
11446,1,0,0,1,1,0
11447,1,0,0,-1,1,0
11448,1,0,0,1,1,0
11449,1,0,0,-1,1,0
11450,1,0,0,0,0,0
11451,1,0,0,0,0,0
11452,1,0,0,0,0,0
11453,1,0,0,0,0,0
11454,1,0,0,0,0,0
11455,1,0,0,0,0,0
11456,1,0,0,0,0,0
11457,1,0,0,1,1,0
11458,1,0,0,-1,1,0
11459,1,0,0,0,0,0
11460,1,0,0,1,1,0
11461,1,0,0,-1,1,0
11462,1,0,0,0,0,0
11463,1,0,0,0,0,0
11464,1,0,0,0,0,0
11465,1,0,0,0,0,0
11466,1,0,0,0,0,0
11467,1,0,0,0,0,0
11468,1,0,0,0,0,0
11469,1,0,0,0,0,0
11470,1,0,0,0,0,0
11471,1,0,0,0,0,0
11472,1,0,0,0,0,0
11473,1,0,0,0,0,0
11474,1,0,0,0,0,0
11475,1,0,0,0,0,0
11476,1,0,0,0,0,0
11477,1,0,0,0,0,0
11478,1,0,0,0,0,0
11479,1,0,0,0,0,0
11480,1,0,0,0,0,0
11481,1,0,0,0,0,0
11482,1,0,0,0,0,0
11483,1,0,0,0,0,0
11484,1,0,0,0,0,0
11485,1,0,0,0,0,0
11486,1,0,0,0,0,0
11487,1,0,0,0,0,0
11488,1,0,0,0,0,0
11489,1,0,0,0,0,0
11490,1,0,0,0,0,0
11491,1,0,0,0,0,0
11492,1,0,0,0,0,0
11493,1,0,0,0,0,0
11494,1,0,0,1,1,0
11495,1,0,0,-1,1,0
11496,1,0,0,0,0,0
11497,1,0,0,0,0,0
11498,1,0,0,0,0,0
11499,1,0,0,0,0,0
11500,1,0,0,0,0,0
11501,1,0,0,0,0,0
11502,1,0,0,0,0,0
11503,1,0,0,0,0,0
11504,1,0,0,0,0,0
11505,1,0,0,1,1,0
11506,1,0,0,-1,1,0
11507,1,0,0,1,1,0
11508,1,0,0,-1,1,0
11509,1,0,0,0,0,0
11510,1,0,0,0,0,0
11511,1,0,0,0,0,0
11512,1,0,0,0,0,0
11513,1,0,0,0,0,0
11514,1,0,0,1,1,0
11515,1,0,0,-1,1,0
11516,1,0,0,0,0,0
11517,1,0,0,0,0,0
11518,1,0,0,0,0,0
11519,1,0,0,0,0,0
11520,1,0,0,1,1,0
11521,1,0,0,-1,1,0
11522,1,0,0,1,1,0
11523,1,0,0,-1,1,0
11524,1,0,0,0,0,0
11525,1,0,0,1,1,0
11526,1,0,0,-1,1,0
11527,1,0,0,1,1,0
11528,1,0,0,-1,1,0
11529,1,0,0,0,0,0
11530,1,0,0,0,0,0
11531,1,0,0,0,0,0
11532,1,0,0,0,0,0
11533,1,0,0,0,0,0
11534,1,0,0,0,0,0
11535,1,0,0,0,0,0
11536,1,0,0,0,0,0
11537,1,0,0,2,1,0
11538,1,0,0,-2,1,0
11539,1,0,0,0,0,0
11540,1,0,0,0,0,0
11541,1,0,0,0,0,0
11542,1,0,0,0,0,0
11543,1,0,0,0,0,0
11544,1,0,0,0,0,0
11545,1,0,0,0,0,0
11546,1,0,0,0,0,0
11547,1,0,0,0,0,0
11548,1,0,0,0,0,0
11549,1,0,0,0,0,0
11550,1,0,0,0,0,0
11551,1,0,0,0,0,0
11552,1,0,0,0,0,0
11553,1,0,0,0,0,0
11554,1,0,0,0,0,0
11555,1,0,0,0,0,0
11556,1,0,0,0,0,0
11557,1,0,0,0,0,0
11558,1,0,0,0,0,0
11559,1,0,0,0,0,0
11560,1,0,0,0,0,0
11561,1,0,0,0,0,0
11562,1,0,0,0,0,0
11563,1,0,0,0,0,0
11564,1,0,0,0,0,0
11565,1,0,0,0,0,0
11566,1,0,0,0,0,0
11567,1,0,0,0,0,0
11568,1,0,0,0,0,0
11569,1,0,0,0,0,0
11570,1,0,0,0,0,0
11571,1,0,0,0,0,0
11572,1,0,0,0,0,0
11573,1,0,0,0,0,0
11574,1,0,0,0,0,0
11575,1,0,0,0,0,0
11576,1,0,0,0,0,0
11577,1,0,0,0,0,0
11578,1,0,0,0,0,0
11579,1,0,0,0,0,0
11580,1,0,0,0,0,0
11581,1,0,0,1,1,0
11582,1,0,0,-1,1,0
11583,1,0,0,0,0,0
11584,1,0,0,0,0,0
11585,1,0,0,0,0,0
11586,1,0,0,0,0,0
11587,1,0,0,0,0,0
11588,1,0,0,0,0,0
11589,1,0,0,0,0,0
11590,1,0,0,0,0,0
11591,1,0,0,0,0,0
11592,1,0,0,0,0,0
11593,1,0,0,0,0,0
11594,1,0,0,0,0,0
11595,1,0,0,0,0,0
11596,1,0,0,0,0,0
11597,1,0,0,0,0,0
11598,1,0,0,0,0,0
11599,1,0,0,0,0,0
11600,1,0,0,0,0,0
11601,1,0,0,0,0,0
11602,1,0,0,0,0,0
11603,1,0,0,0,0,0
11604,1,0,0,0,0,0
11605,1,0,0,0,0,0
11606,1,0,0,0,0,0
11607,1,0,0,0,0,0
11608,1,0,0,0,0,0
11609,1,0,0,0,0,0
11610,1,0,0,0,0,0
11611,1,0,0,0,0,0
11612,1,0,0,0,0,0
11613,1,0,0,1,1,0
11614,1,0,0,-1,1,0
11615,1,0,0,0,0,0
11616,1,0,0,0,0,0
11617,1,0,0,2,1,0
11618,1,0,0,-2,1,0
11619,1,0,0,0,0,0
11620,1,0,0,0,0,0
11621,1,0,0,0,0,0
11622,1,0,0,0,0,0
11623,1,0,0,0,0,0
11624,1,0,0,0,0,0
11625,1,0,0,0,0,0
11626,1,0,0,0,0,0
11627,1,0,0,0,0,0
11628,1,0,0,0,0,0
11629,1,0,0,0,0,0
11630,1,0,0,0,0,0
11631,1,0,0,0,0,0
11632,1,0,0,0,0,0
11633,1,0,0,0,0,0
11634,1,0,0,0,0,0
11635,1,0,0,0,0,0
11636,1,0,0,1,1,0
11637,1,0,0,-1,1,0
11638,1,0,0,0,0,0
11639,1,0,0,0,0,0
11640,1,0,0,0,0,0
11641,1,0,0,0,0,0
11642,1,0,0,0,0,0
11643,1,0,0,0,0,0
11644,1,0,0,0,0,0
11645,1,0,0,0,0,0
11646,1,0,0,0,0,0
11647,1,0,0,0,0,0
11648,1,0,0,0,0,0
11649,1,0,0,0,0,0
11650,1,0,0,2,1,0
11651,1,0,0,-2,1,0
11652,1,0,0,0,0,0
11653,1,0,0,0,0,0
11654,1,0,0,0,0,0
11655,1,0,0,0,0,0
11656,1,0,0,0,0,0
11657,1,0,0,0,0,0
11658,1,0,0,0,0,0
11659,1,0,0,1,1,0
11660,1,0,0,-1,1,0
11661,1,0,0,0,0,0
11662,1,0,0,0,0,0
11663,1,0,0,0,0,0
11664,1,0,0,0,0,0
11665,1,0,0,0,0,0
11666,1,0,0,0,0,0
11667,1,0,0,0,0,0
11668,1,0,0,0,0,0
11669,1,0,0,0,0,0
11670,1,0,0,0,0,0
11671,1,0,0,1,1,0
11672,1,0,0,-1,1,0
11673,1,0,0,0,0,0
11674,1,0,0,0,0,0
11675,1,0,0,0,0,0
11676,1,0,0,0,0,0
11677,1,0,0,0,0,0
11678,1,0,0,0,0,0
11679,1,0,0,0,0,0
11680,1,0,0,0,0,0
11681,1,0,0,0,0,0
11682,1,0,0,0,0,0
11683,1,0,0,1,1,0
11684,1,0,0,-1,1,0
11685,1,0,0,0,0,0
11686,1,0,0,0,0,0
11687,1,0,0,0,0,0
11688,1,0,0,0,0,0
11689,1,0,0,0,0,0
11690,1,0,0,0,0,0
11691,1,0,0,0,0,0
11692,1,0,0,0,0,0
11693,1,0,0,0,0,0
11694,1,0,0,0,0,0
11695,1,0,0,0,0,0
11696,1,0,0,1,1,0
11697,1,0,0,-1,1,0
11698,1,0,0,1,1,0
11699,1,0,0,-1,1,0
11700,1,0,0,0,0,0
11701,1,0,0,0,0,0
11702,1,0,0,0,0,0
11703,1,0,0,0,0,0
11704,1,0,0,0,0,0
11705,1,0,0,0,0,0
11706,1,0,0,0,0,0
11707,1,0,0,0,0,0
11708,1,0,0,0,0,0
11709,1,0,0,0,0,0
11710,1,0,0,0,0,0
11711,1,0,0,0,0,0
11712,1,0,0,0,0,0
11713,1,0,0,0,0,0
11714,1,0,0,0,0,0
11715,1,0,0,0,0,0
11716,1,0,0,0,0,0
11717,1,0,0,0,0,0
11718,1,0,0,0,0,0
11719,1,0,0,2,1,0
11720,1,0,0,-2,1,0
11721,1,0,0,0,0,0
11722,1,0,0,0,0,0
11723,1,0,0,1,1,0
11724,1,0,0,-1,1,0
11725,1,0,0,1,1,0
11726,1,0,0,-1,1,0
11727,1,0,0,0,0,0
11728,1,0,0,0,0,0
11729,1,0,0,0,0,0
11730,1,0,0,0,0,0
11731,1,0,0,0,0,0
11732,1,0,0,0,0,0
11733,1,0,0,0,0,0
11734,1,0,0,0,0,0
11735,1,0,0,0,0,0
11736,1,0,0,0,0,0
11737,1,0,0,0,0,0
11738,1,0,0,0,0,0
11739,1,0,0,0,0,0
11740,1,0,0,0,0,0
11741,1,0,0,0,0,0
11742,1,0,0,0,0,0
11743,1,0,0,0,0,0
11744,1,0,0,0,0,0
11745,1,0,0,0,0,0
11746,1,0,0,0,0,0
11747,1,0,0,0,0,0
11748,1,0,0,0,0,0
11749,1,0,0,0,0,0
11750,1,0,0,0,0,0
11751,1,0,0,0,0,0
11752,1,0,0,0,0,0
11753,1,0,0,0,0,0
11754,1,0,0,0,0,0
11755,1,0,0,0,0,0
11756,1,0,0,0,0,0
11757,1,0,0,0,0,0
11758,1,0,0,0,0,0
11759,1,0,0,0,0,0
11760,1,0,0,0,0,0
11761,1,0,0,0,0,0
11762,1,0,0,0,0,0
11763,1,0,0,0,0,0
11764,1,0,0,0,0,0
11765,1,0,0,0,0,0
11766,1,0,0,0,0,0
11767,1,0,0,0,0,0
11768,1,0,0,0,0,0
11769,1,0,0,0,0,0
11770,1,0,0,0,0,0
11771,2,0,0,0,0,0
11775,0,0,0,1,1,0
11776,0,0,0,-1,1,0
11778,0,0,0,2,1,0
11779,0,0,0,-2,1,0
11797,0,0,0,1,1,0
11798,0,0,0,-1,1,0
11800,0,0,0,0,0,0
11811,0,0,0,1,1,0
11812,0,0,0,-1,1,0
11818,0,0,0,1,1,0
11819,0,0,0,-1,1,0
11825,0,0,0,0,0,0
11835,0,0,0,1,1,0
11836,0,0,0,-1,1,0
11838,0,0,0,1,1,0
11839,0,0,0,-1,1,0
11845,0,0,0,1,1,0
11846,0,0,0,-1,1,0
11850,0,0,0,0,0,0
11857,0,0,0,1,1,0
11858,0,0,0,-1,1,0
11869,0,0,0,1,1,0
11870,0,0,0,-1,1,0
11875,0,0,0,0,0,0
11880,0,0,0,2,1,0
11881,0,0,0,-2,1,0
11885,0,0,0,1,1,0
11886,0,0,0,-1,1,0
11895,0,0,0,1,1,0
11896,0,0,0,-1,1,0
11899,0,0,0,1,1,0
11900,0,0,0,-1,1,0
11902,0,0,0,1,1,0
11903,0,0,0,-1,1,0
11920,0,0,0,1,1,0
11921,0,0,0,-1,1,0
11925,0,0,0,0,0,0
11950,0,0,0,0,0,0
11965,0,0,0,1,1,0
11966,0,0,0,0,1,0
11967,0,0,0,-1,1,0
11973,0,0,0,1,1,0
11974,0,0,0,-1,1,0
11975,0,0,0,0,0,0
11993,0,0,0,1,1,0
11994,0,0,0,-1,1,0
12000,0,0,0,0,0,0
12001,0,0,0,1,1,0
12002,0,0,0,-1,1,0
12007,0,0,0,2,1,0
12008,0,0,0,-2,1,0
12010,0,0,0,1,1,0
12011,0,0,0,-1,1,0
12025,0,0,0,0,0,0
12030,0,0,0,2,1,0
12031,0,0,0,-2,1,0
12033,0,0,0,1,1,0
12034,0,0,0,-1,1,0
12047,0,0,0,1,1,0
12048,0,0,0,-1,1,0
12050,0,0,0,0,0,0
12068,0,0,0,1,1,0
12069,0,0,0,-1,1,0
12075,0,0,0,0,0,0
12080,0,0,0,1,1,0
12081,0,0,0,-1,1,0
12096,0,0,0,1,1,0
12097,0,0,0,-1,1,0
12100,0,0,0,0,0,0
12102,0,0,0,1,1,0
12103,0,0,0,-1,1,0
12109,0,0,0,1,1,0
12110,0,0,0,-1,1,0
12111,0,0,0,2,1,0
12112,0,0,0,-2,1,0
12121,0,0,0,1,1,0
12122,0,0,0,-1,1,0
12125,0,0,0,0,0,0
12127,0,0,0,2,1,0
12128,0,0,0,-2,1,0
12133,0,0,0,1,1,0
12134,0,0,0,-1,1,0
12147,0,0,0,1,1,0
12148,0,0,0,-1,1,0
12150,0,0,0,0,0,0
12164,0,0,0,1,1,0
12165,0,0,0,-1,1,0
12172,0,0,0,1,1,0
12173,0,0,0,-1,1,0
12175,0,0,0,0,0,0
12180,0,0,0,1,1,0
12181,0,0,0,-1,1,0
12194,0,0,0,3,1,0
12195,0,0,0,-3,1,0
12200,0,0,0,0,0,0
12211,0,0,0,1,1,0
12212,0,0,0,-1,1,0
12225,0,0,0,0,0,0
12232,0,0,0,1,1,0
12233,0,0,0,-1,1,0
12250,0,0,0,0,0,0
12260,0,0,0,1,1,0
12261,0,0,0,-1,1,0
12275,0,0,0,0,0,0
12280,0,0,0,1,1,0
12281,0,0,0,-1,1,0
12289,1,0,0,0,0,0
12290,1,0,0,1,1,0
12291,1,0,0,-1,1,0
12292,1,0,0,0,0,0
12293,1,0,0,0,0,0
12294,1,0,0,0,0,0
12295,1,0,0,0,0,0
12296,1,0,0,0,0,0
12297,1,0,0,0,0,0
12298,1,0,0,0,0,0
12299,1,0,0,0,0,0
12300,1,0,0,0,0,0
12301,1,0,0,0,0,0
12302,1,0,0,0,0,0
12303,1,0,0,0,0,0
12304,1,0,0,0,0,0
12305,1,0,0,0,0,0
12306,1,0,0,0,0,0
12307,1,0,0,0,0,0
12308,1,0,0,0,0,0
12309,1,0,0,0,0,0
12310,1,0,0,1,1,0
12311,1,0,0,0,1,0
12312,1,0,0,-1,1,0
12313,1,0,0,0,0,0
12314,1,0,0,0,0,0
12315,1,0,0,0,0,0
12316,1,0,0,0,0,0
12317,1,0,0,0,0,0
12318,1,0,0,0,0,0
12319,1,0,0,0,0,0
12320,1,0,0,0,0,0
12321,1,0,0,0,0,0
12322,1,0,0,0,0,0
12323,1,0,0,0,0,0
12324,1,0,0,0,0,0
12325,1,0,0,0,0,0
12326,1,0,0,0,0,0
12327,1,0,0,0,0,0
12328,1,0,0,0,0,0
12329,1,0,0,0,0,0
12330,1,0,0,0,0,0
12331,1,0,0,0,0,0
12332,1,0,0,0,0,0
12333,1,0,0,0,0,0
12334,1,0,0,0,0,0
12335,1,0,0,0,0,0
12336,1,0,0,0,0,0
12337,1,0,0,0,0,0
12338,1,0,0,0,0,0
12339,1,0,0,0,0,0
12340,1,0,0,0,0,0
12341,1,0,0,0,0,0
12342,1,0,0,0,0,0
12343,1,0,0,0,0,0
12344,1,0,0,0,0,0
12345,1,0,0,2,1,0
12346,1,0,0,-2,1,0
12347,1,0,0,0,0,0
12348,1,0,0,0,0,0
12349,1,0,0,0,0,0
12350,1,0,0,0,0,0
12351,1,0,0,0,0,0
12352,1,0,0,0,0,0
12353,1,0,0,0,0,0
12354,1,0,0,0,0,0
12355,1,0,0,0,0,0
12356,1,0,0,0,0,0
12357,1,0,0,0,0,0
12358,1,0,0,0,0,0
12359,1,0,0,0,0,0
12360,1,0,0,1,1,0
12361,1,0,0,-1,1,0
12362,1,0,0,0,0,0
12363,1,0,0,0,0,0
12364,1,0,0,0,0,0
12365,1,0,0,0,0,0
12366,1,0,0,0,0,0
12367,1,0,0,0,0,0
12368,1,0,0,0,0,0
12369,1,0,0,0,0,0
12370,1,0,0,0,0,0
12371,1,0,0,0,0,0
12372,1,0,0,1,1,0
12373,1,0,0,-1,1,0
12374,1,0,0,0,0,0
12375,1,0,0,0,0,0
12376,1,0,0,0,0,0
12377,1,0,0,0,0,0
12378,1,0,0,0,0,0
12379,1,0,0,0,0,0
12380,1,0,0,0,0,0
12381,1,0,0,0,0,0
12382,1,0,0,0,0,0
12383,1,0,0,0,0,0
12384,1,0,0,0,0,0
12385,1,0,0,0,0,0
12386,1,0,0,0,0,0
12387,1,0,0,0,0,0
12388,1,0,0,0,0,0
12389,1,0,0,0,0,0
12390,1,0,0,0,0,0
12391,1,0,0,0,0,0
12392,1,0,0,0,0,0
12393,1,0,0,0,0,0
12394,1,0,0,0,0,0
12395,1,0,0,0,0,0
12396,1,0,0,0,0,0
12397,1,0,0,0,0,0
12398,1,0,0,0,0,0
12399,1,0,0,0,0,0
12400,1,0,0,1,1,0
12401,1,0,0,0,1,0
12402,1,0,0,-1,1,0
12403,1,0,0,1,1,0
12404,1,0,0,-1,1,0
12405,1,0,0,0,0,0
12406,1,0,0,0,0,0
12407,1,0,0,1,1,0
12408,1,0,0,-1,1,0
12409,1,0,0,0,0,0
12410,1,0,0,0,0,0
12411,1,0,0,0,0,0
12412,1,0,0,0,0,0
12413,1,0,0,0,0,0
12414,1,0,0,0,0,0
12415,1,0,0,0,0,0
12416,1,0,0,0,0,0
12417,1,0,0,0,0,0
12418,1,0,0,0,0,0
12419,1,0,0,0,0,0
12420,1,0,0,0,0,0
12421,1,0,0,0,0,0
12422,1,0,0,0,0,0
12423,1,0,0,0,0,0
12424,1,0,0,0,0,0
12425,1,0,0,0,0,0
12426,1,0,0,0,0,0
12427,1,0,0,0,0,0
12428,1,0,0,0,0,0
12429,1,0,0,0,0,0
12430,1,0,0,0,0,0
12431,1,0,0,0,0,0
12432,1,0,0,0,0,0
12433,1,0,0,0,0,0
12434,1,0,0,0,0,0
12435,1,0,0,0,0,0
12436,1,0,0,0,0,0
12437,1,0,0,0,0,0
12438,1,0,0,0,0,0
12439,1,0,0,0,0,0
12440,1,0,0,0,0,0
12441,1,0,0,0,0,0
12442,1,0,0,0,0,0
12443,1,0,0,0,0,0
12444,1,0,0,0,0,0
12445,1,0,0,0,0,0
12446,1,0,0,1,1,0
12447,1,0,0,0,1,0
12448,1,0,0,-1,1,0
12449,1,0,0,0,0,0
12450,1,0,0,0,0,0
12451,1,0,0,0,0,0
12452,1,0,0,0,0,0
12453,1,0,0,0,0,0
12454,1,0,0,0,0,0
12455,1,0,0,0,0,0
12456,1,0,0,0,0,0
12457,1,0,0,2,1,0
12458,1,0,0,-2,1,0
12459,1,0,0,0,0,0
12460,1,0,0,0,0,0
12461,1,0,0,0,0,0
12462,1,0,0,0,0,0
12463,1,0,0,0,0,0
12464,1,0,0,0,0,0
12465,1,0,0,0,0,0
12466,1,0,0,0,0,0
12467,1,0,0,0,0,0
12468,1,0,0,1,1,0
12469,1,0,0,-1,1,0
12470,1,0,0,0,0,0
12471,1,0,0,1,1,0
12472,1,0,0,-1,1,0
12473,1,0,0,1,1,0
12474,1,0,0,-1,1,0
12475,1,0,0,0,0,0
12476,1,0,0,0,0,0
12477,1,0,0,0,0,0
12478,1,0,0,0,0,0
12479,1,0,0,0,0,0
12480,1,0,0,0,0,0
12481,1,0,0,0,0,0
12482,1,0,0,0,0,0
12483,1,0,0,0,0,0
12484,1,0,0,0,0,0
12485,1,0,0,0,0,0
12486,1,0,0,0,0,0
12487,1,0,0,0,0,0
12488,1,0,0,0,0,0
12489,1,0,0,0,0,0
12490,1,0,0,0,0,0
12491,1,0,0,0,0,0
12492,1,0,0,0,0,0
12493,1,0,0,0,0,0
12494,1,0,0,0,0,0
12495,1,0,0,0,0,0
12496,1,0,0,0,0,0
12497,1,0,0,0,0,0
12498,1,0,0,0,0,0
12499,1,0,0,0,0,0
12500,1,0,0,0,0,0
12501,1,0,0,0,0,0
12502,1,0,0,0,0,0
12503,1,0,0,0,0,0
12504,1,0,0,0,0,0
12505,1,0,0,0,0,0
12506,1,0,0,0,0,0
12507,1,0,0,0,0,0
12508,1,0,0,0,0,0
12509,1,0,0,0,0,0
12510,1,0,0,0,0,0
12511,1,0,0,0,0,0
12512,1,0,0,0,0,0
12513,1,0,0,0,0,0
12514,1,0,0,0,0,0
12515,1,0,0,0,0,0
12516,1,0,0,0,0,0
12517,1,0,0,0,0,0
12518,1,0,0,0,0,0
12519,1,0,0,0,0,0
12520,1,0,0,0,0,0
12521,1,0,0,0,0,0
12522,1,0,0,0,0,0
12523,1,0,0,0,0,0
12524,1,0,0,1,1,0
12525,1,0,0,-1,1,0
12526,1,0,0,0,0,0
12527,1,0,0,0,0,0
12528,1,0,0,0,0,0
12529,1,0,0,0,0,0
12530,1,0,0,0,0,0
12531,1,0,0,0,0,0
12532,1,0,0,0,0,0
12533,1,0,0,0,0,0
12534,1,0,0,0,0,0
12535,1,0,0,0,0,0
12536,1,0,0,0,0,0
12537,1,0,0,0,0,0
12538,1,0,0,0,0,0
12539,1,0,0,1,1,0
12540,1,0,0,-1,1,0
12541,1,0,0,0,0,0
12542,1,0,0,0,0,0
12543,1,0,0,0,0,0
12544,1,0,0,0,0,0
12545,1,0,0,0,0,0
12546,1,0,0,0,0,0
12547,1,0,0,0,0,0
12548,1,0,0,1,1,0
12549,1,0,0,-1,1,0
12550,1,0,0,0,0,0
12551,1,0,0,0,0,0
12552,1,0,0,0,0,0
12553,1,0,0,0,0,0
12554,1,0,0,0,0,0
12555,1,0,0,0,0,0
12556,1,0,0,0,0,0
12557,1,0,0,0,0,0
12558,1,0,0,0,0,0
12559,1,0,0,0,0,0
12560,1,0,0,0,0,0
12561,1,0,0,0,0,0
12562,1,0,0,0,0,0
12563,1,0,0,0,0,0
12564,1,0,0,0,0,0
12565,1,0,0,0,0,0
12566,1,0,0,0,0,0
12567,1,0,0,0,0,0
12568,1,0,0,0,0,0
12569,1,0,0,0,0,0
12570,1,0,0,0,0,0
12571,1,0,0,0,0,0
12572,1,0,0,2,1,0
12573,1,0,0,-2,1,0
12574,1,0,0,0,0,0
12575,1,0,0,0,0,0
12576,1,0,0,0,0,0
12577,1,0,0,0,0,0
12578,1,0,0,0,0,0
12579,1,0,0,1,1,0
12580,1,0,0,-1,1,0
12581,1,0,0,0,0,0
12582,1,0,0,0,0,0
12583,1,0,0,0,0,0
12584,1,0,0,0,0,0
12585,1,0,0,1,1,0
12586,1,0,0,-1,1,0
12587,1,0,0,0,0,0
12588,1,0,0,0,0,0
12589,1,0,0,0,0,0
12590,1,0,0,0,0,0
12591,1,0,0,0,0,0
12592,1,0,0,0,0,0
12593,1,0,0,0,0,0
12594,1,0,0,0,0,0
12595,1,0,0,0,0,0
12596,1,0,0,0,0,0
12597,1,0,0,0,0,0
12598,1,0,0,0,0,0
12599,1,0,0,0,0,0
12600,1,0,0,0,0,0
12601,1,0,0,0,0,0
12602,1,0,0,0,0,0
12603,1,0,0,0,0,0
12604,1,0,0,0,0,0
12605,1,0,0,0,0,0
12606,1,0,0,0,0,0
12607,1,0,0,0,0,0
12608,1,0,0,0,0,0
12609,1,0,0,0,0,0
12610,1,0,0,0,0,0
12611,1,0,0,0,0,0
12612,1,0,0,0,0,0
12613,1,0,0,0,0,0
12614,1,0,0,0,0,0
12615,1,0,0,0,0,0
12616,1,0,0,1,1,0
12617,0,1,0,0,1,0
12618,0,-1,0,-1,1,0
12625,0,0,0,2,1,0
12626,0,0,0,-2,1,0
12645,0,0,0,1,1,0
12646,0,0,0,-1,1,0
12650,0,0,0,0,0,0
12659,0,0,0,1,1,0
12660,0,0,0,-1,1,0
12663,0,0,0,1,1,0
12664,0,0,0,-1,1,0
12666,0,0,0,1,1,0
12667,0,0,0,-1,1,0
12675,0,0,0,0,0,0
12684,0,0,0,1,1,0
12685,0,0,0,-1,1,0
12688,1,0,0,0,0,0
12689,1,0,0,0,0,0
12690,1,0,0,0,0,0
12691,1,0,0,0,0,0
12692,1,0,0,0,0,0
12693,1,0,0,0,0,0
12694,1,0,0,0,0,0
12695,1,0,0,0,0,0
12696,1,0,0,1,1,0
12697,1,0,0,-1,1,0
12698,1,0,0,0,0,0
12699,1,0,0,0,0,0
12700,1,0,0,0,0,0
12701,1,0,0,0,0,0
12702,1,0,0,0,0,0
12703,1,0,0,0,0,0
12704,1,0,0,0,0,0
12705,1,0,0,1,1,0
12706,1,0,0,-1,1,0
12707,1,0,0,0,0,0
12708,1,0,0,0,0,0
12709,1,0,0,0,0,0
12710,1,0,0,0,0,0
12711,1,0,0,0,0,0
12712,1,0,0,0,0,0
12713,1,0,0,0,0,0
12714,1,0,0,0,0,0
12715,1,0,0,0,0,0
12716,1,0,0,0,0,0
12717,1,0,0,0,0,0
12718,1,0,0,0,0,0
12719,1,0,0,0,0,0
12720,1,0,0,0,0,0
12721,1,0,0,0,0,0
12722,1,0,0,2,1,0
12723,1,0,0,-2,1,0
12724,1,0,0,0,0,0
12725,1,0,0,0,0,0
12726,1,0,0,0,0,0
12727,1,0,0,0,0,0
12728,1,0,0,0,0,0
12729,1,0,0,0,0,0
12730,1,0,0,0,0,0
12731,1,0,0,0,0,0
12732,1,0,0,1,1,0
12733,1,0,0,-1,1,0
12734,1,0,0,0,0,0
12735,1,0,0,0,0,0
12736,1,0,0,0,0,0
12737,1,0,0,0,0,0
12738,1,0,0,0,0,0
12739,1,0,0,0,0,0
12740,1,0,0,0,0,0
12741,1,0,0,0,0,0
12742,1,0,0,0,0,0
12743,1,0,0,0,0,0
12744,1,0,0,0,0,0
12745,1,0,0,0,0,0
12746,1,0,0,0,0,0
12747,1,0,0,0,0,0
12748,1,0,0,1,1,0
12749,1,0,0,-1,1,0
12750,1,0,0,0,0,0
12751,1,0,0,0,0,0
12752,1,0,0,0,0,0
12753,1,0,0,1,1,0
12754,1,0,0,-1,1,0
12755,1,0,0,0,0,0
12756,1,0,0,0,0,0
12757,1,0,0,0,0,0
12758,1,0,0,0,0,0
12759,1,0,0,0,0,0
12760,1,0,0,1,1,0
12761,1,0,0,-1,1,0
12762,1,0,0,0,0,0
12763,1,0,0,0,0,0
12764,0,1,0,2,1,0
12765,0,-1,0,-2,1,0
12770,0,0,0,1,1,0
12771,0,0,0,-1,1,0
12775,0,0,0,0,0,0
12777,0,0,0,1,1,0
12778,0,0,0,-1,1,0
12797,0,0,0,1,1,0
12798,0,0,0,-1,1,0
12800,0,0,0,0,0,0
12804,0,0,0,1,1,0
12805,0,0,0,-1,1,0
12808,0,0,0,2,1,0
12809,0,0,0,-2,1,0
12824,0,0,0,1,1,0
12825,0,0,0,-1,1,0
12835,1,0,0,0,0,0
12836,1,0,0,0,0,0
12837,1,0,0,0,0,0
12838,1,0,0,1,1,0
12839,1,0,0,-1,1,0
12840,1,0,0,0,0,0
12841,1,0,0,4,1,0
12842,1,0,0,-4,1,0
12843,1,0,0,0,0,0
12844,1,0,0,0,0,0
12845,1,0,0,0,0,0
12846,1,0,0,0,0,0
12847,1,0,0,0,0,0
12848,1,0,0,0,0,0
12849,1,0,0,0,0,0
12850,1,0,0,0,0,0
12851,1,0,0,0,0,0
12852,1,0,0,0,0,0
12853,1,0,0,1,1,0
12854,1,0,0,-1,1,0
12855,1,0,0,0,0,0
12856,1,0,0,0,0,0
12857,1,0,0,0,0,0
12858,1,0,0,0,0,0
12859,1,0,0,0,0,0
12860,1,0,0,2,1,0
12861,1,0,0,-2,1,0
12862,1,0,0,0,0,0
12863,1,0,0,0,0,0
12864,1,0,0,0,0,0
12865,1,0,0,0,0,0
12866,1,0,0,0,0,0
12867,1,0,0,0,0,0
12868,1,0,0,0,0,0
12869,1,0,0,0,0,0
12870,1,0,0,0,0,0
12871,1,0,0,2,1,0
12872,1,0,0,-2,1,0
12873,1,0,0,0,0,0
12874,1,0,0,0,0,0
12875,1,0,0,1,1,0
12876,1,0,0,-1,1,0
12877,1,0,0,0,0,0
12878,1,0,0,0,0,0
12879,1,0,0,0,0,0
12880,1,0,0,0,0,0
12881,1,0,0,0,0,0
12882,1,0,0,0,0,0
12883,1,0,0,0,0,0
12884,1,0,0,1,1,0
12885,1,0,0,-1,1,0
12886,1,0,0,0,0,0
12887,1,0,0,0,0,0
12888,1,0,0,0,0,0
12889,1,0,0,0,0,0
12890,1,0,0,0,0,0
12891,1,0,0,0,0,0
12892,1,0,0,0,0,0
12893,1,0,0,0,0,0
12894,1,0,0,0,0,0
12895,1,0,0,0,0,0
12896,1,0,0,1,1,0
12897,1,0,0,-1,1,0
12898,1,0,0,0,0,0
12899,1,0,0,0,0,0
12900,1,0,0,0,0,0
12901,1,0,0,0,0,0
12902,1,0,0,1,1,0
12903,1,0,0,-1,1,0
12904,1,0,0,0,0,0
12905,1,0,0,0,0,0
12906,1,0,0,0,0,0
12907,1,0,0,0,0,0
12908,1,0,0,0,0,0
12909,1,0,0,0,0,0
12910,1,0,0,0,0,0
12911,1,0,0,2,1,0
12912,1,0,0,-2,1,0
12913,1,0,0,0,0,0
12914,1,0,0,0,0,0
12915,1,0,0,0,0,0
12916,1,0,0,0,0,0
12917,1,0,0,1,1,0
12918,1,0,0,-1,1,0
12919,1,0,0,0,0,0
12920,1,0,0,0,0,0
12921,1,0,0,0,0,0
12922,1,0,0,1,1,0
12923,1,0,0,-1,1,0
12924,1,0,0,0,0,0
12925,1,0,0,0,0,0
12926,1,0,0,0,0,0
12927,1,0,0,0,0,0
12928,1,0,0,0,0,0
12929,1,0,0,0,0,0
12930,1,0,0,0,0,0
12931,1,0,0,1,1,0
12932,1,0,0,-1,1,0
12933,1,0,0,0,0,0
12934,1,0,0,0,0,0
12935,1,0,0,0,0,0
12936,1,0,0,0,0,0
12937,1,0,0,0,0,0
12938,1,0,0,0,0,0
12939,1,0,0,0,0,0
12940,1,0,0,1,1,0
12941,1,0,0,-1,1,0
12942,1,0,0,0,0,0
12943,1,0,0,1,1,0
12944,1,0,0,-1,1,0
12945,1,0,0,0,0,0
12946,1,0,0,1,1,0
12947,1,0,0,-1,1,0
12948,1,0,0,0,0,0
12949,1,0,0,0,0,0
12950,1,0,0,0,0,0
12951,1,0,0,0,0,0
12952,1,0,0,0,0,0
12953,1,0,0,0,0,0
12954,1,0,0,0,0,0
12955,1,0,0,0,0,0
12956,1,0,0,0,0,0
12957,1,0,0,0,0,0
12958,1,0,0,0,0,0
12959,1,0,0,0,0,0
12960,1,0,0,0,0,0
12961,1,0,0,0,0,0
12962,1,0,0,0,0,0
12963,1,0,0,0,0,0
12964,1,0,0,0,0,0
12965,1,0,0,0,0,0
12966,1,0,0,2,1,0
12967,1,0,0,-2,1,0
12968,1,0,0,3,1,0
12969,1,0,0,-3,1,0
12970,1,0,0,0,0,0
12971,1,0,0,0,0,0
12972,1,0,0,0,0,0
12973,1,0,0,0,0,0
12974,1,0,0,0,0,0
12975,1,0,0,0,0,0
12976,1,0,0,0,0,0
12977,1,0,0,0,0,0
12978,1,0,0,1,1,0
12979,1,0,0,-1,1,0
12980,1,0,0,0,0,0
12981,1,0,0,0,0,0
12982,1,0,0,0,0,0
12983,1,0,0,0,0,0
12984,1,0,0,0,0,0
12985,1,0,0,0,0,0
12986,1,0,0,0,0,0
12987,1,0,0,0,0,0
12988,1,0,0,0,0,0
12989,1,0,0,0,0,0
12990,1,0,0,0,0,0
12991,1,0,0,0,0,0
12992,1,0,0,0,0,0
12993,1,0,0,0,0,0
12994,1,0,0,3,1,0
12995,1,0,0,-3,1,0
12996,1,0,0,0,0,0
12997,1,0,0,0,0,0
12998,1,0,0,0,0,0
12999,1,0,0,0,0,0
13000,1,0,0,0,0,0
13001,1,0,0,0,0,0
13002,1,0,0,0,0,0
13003,1,0,0,0,0,0
13004,1,0,0,0,0,0
13005,1,0,0,0,0,0
13006,1,0,0,0,0,0
13007,1,0,0,0,0,0
13008,1,0,0,0,0,0
13009,1,0,0,0,0,0
13010,1,0,0,0,0,0
13011,1,0,0,0,0,0
13012,1,0,0,0,0,0
13013,1,0,0,0,0,0
13014,1,0,0,0,0,0
13015,1,0,0,0,0,0
13016,1,0,0,0,0,0
13017,1,0,0,0,0,0
13018,1,0,0,0,0,0
13019,1,0,0,0,0,0
13020,1,0,0,0,0,0
13021,1,0,0,1,1,0
13022,1,0,0,-1,1,0
13023,1,0,0,0,0,0
13024,1,0,0,0,0,0
13025,1,0,0,0,0,0
13026,1,0,0,0,0,0
13027,1,0,0,0,0,0
13028,1,0,0,0,0,0
13029,1,0,0,1,1,0
13030,1,0,0,-1,1,0
13031,1,0,0,0,0,0
13032,1,0,0,0,0,0
13033,1,0,0,1,1,0
13034,1,0,0,-1,1,0
13035,1,0,0,0,0,0
13036,1,0,0,0,0,0
13037,1,0,0,1,1,0
13038,1,0,0,-1,1,0
13039,1,0,0,0,0,0
13040,1,0,0,0,0,0
13041,1,0,0,0,0,0
13042,1,0,0,0,0,0
13043,1,0,0,0,0,0
13044,1,0,0,0,0,0
13045,1,0,0,0,0,0
13046,1,0,0,0,0,0
13047,1,0,0,0,0,0
13048,1,0,0,0,0,0
13049,1,0,0,0,0,0
13050,1,0,0,0,0,0
13051,1,0,0,1,1,0
13052,1,0,0,-1,1,0
13053,1,0,0,0,0,0
13054,1,0,0,0,0,0
13055,1,0,0,0,0,0
13056,1,0,0,0,0,0
13057,1,0,0,0,0,0
13058,1,0,0,1,1,0
13059,1,0,0,-1,1,0
13060,1,0,0,0,0,0
13061,1,0,0,0,0,0
13062,1,0,0,1,1,0
13063,1,0,0,0,1,0
13064,1,0,0,-1,1,0
13065,1,0,0,0,0,0
13066,1,0,0,0,0,0
13067,1,0,0,0,0,0
13068,1,0,0,0,0,0
13069,1,0,0,0,0,0
13070,1,0,0,0,0,0
13071,1,0,0,0,0,0
13072,1,0,0,0,0,0
13073,1,0,0,0,0,0
13074,1,0,0,0,0,0
13075,1,0,0,0,0,0
13076,1,0,0,0,0,0
13077,1,0,0,1,1,0
13078,1,0,0,0,1,0
13079,1,0,0,-1,1,0
13080,1,0,0,0,0,0
13081,1,0,0,0,0,0
13082,1,0,0,0,0,0
13083,1,0,0,0,0,0
13084,1,0,0,0,0,0
13085,1,0,0,0,0,0
13086,1,0,0,0,0,0
13087,1,0,0,0,0,0
13088,1,0,0,0,0,0
13089,1,0,0,0,0,0
13090,1,0,0,1,1,0
13091,1,0,0,-1,1,0
13092,1,0,0,0,0,0
13093,1,0,0,0,0,0
13094,1,0,0,0,0,0
13095,1,0,0,0,0,0
13096,1,0,0,0,0,0
13097,1,0,0,1,1,0
13098,1,0,0,-1,1,0
13099,1,0,0,0,0,0
13100,1,0,0,0,0,0
13101,1,0,0,0,0,0
13102,1,0,0,0,0,0
13103,1,0,0,0,0,0
13104,1,0,0,0,0,0
13105,1,0,0,0,0,0
13106,1,0,0,0,0,0
13107,1,0,0,0,0,0
13108,1,0,0,0,0,0
13109,1,0,0,0,0,0
13110,1,0,0,0,0,0
13111,1,0,0,0,0,0
13112,1,0,0,0,0,0
13113,1,0,0,0,0,0
13114,1,0,0,0,0,0
13115,1,0,0,0,0,0
13116,1,0,0,0,0,0
13117,1,0,0,0,0,0
13118,1,0,0,0,0,0
13119,1,0,0,0,0,0
13120,1,0,0,0,0,0
13121,1,0,0,2,1,0
13122,1,0,0,-2,1,0
13123,1,0,0,0,0,0
13124,1,0,0,0,0,0
13125,1,0,0,1,1,0
13126,1,0,0,-1,1,0
13127,1,0,0,0,0,0
13128,1,0,0,0,0,0
13129,1,0,0,2,1,0
13130,1,0,0,-2,1,0
13131,1,0,0,0,0,0
13132,1,0,0,0,0,0
13133,1,0,0,1,1,0
13134,1,0,0,-1,1,0
13135,1,0,0,0,0,0
13136,1,0,0,0,0,0
13137,1,0,0,0,0,0
13138,1,0,0,0,0,0
13139,1,0,0,0,0,0
13140,1,0,0,0,0,0
13141,1,0,0,0,0,0
13142,1,0,0,0,0,0
13143,1,0,0,0,0,0
13144,1,0,0,0,0,0
13145,1,0,0,0,0,0
13146,1,0,0,0,0,0
13147,1,0,0,0,0,0
13148,1,0,0,0,0,0
13149,1,0,0,0,0,0
13150,1,0,0,0,0,0
13151,1,0,0,0,0,0
13152,1,0,0,0,0,0
13153,1,0,0,0,0,0
13154,1,0,0,0,0,0
13155,1,0,0,0,0,0
13156,1,0,0,0,0,0
13157,1,0,0,0,0,0
13158,1,0,0,0,0,0
13159,1,0,0,0,0,0
13160,1,0,0,0,0,0
13161,1,0,0,0,0,0
13162,1,0,0,0,0,0
13163,1,0,0,0,0,0
13164,1,0,0,0,0,0
13165,1,0,0,0,0,0
13166,1,0,0,0,0,0
13167,1,0,0,0,0,0
13168,1,0,0,0,0,0
13169,1,0,0,0,0,0
13170,1,0,0,0,0,0
13171,1,0,0,1,1,0
13172,1,0,0,1,1,0
13173,1,0,0,-2,1,0
13174,1,0,0,0,0,0
13175,1,0,0,0,0,0
13176,1,0,0,0,0,0
13177,1,0,0,0,0,0
13178,1,0,0,0,0,0
13179,1,0,0,0,0,0
13180,1,0,0,0,0,0
13181,1,0,0,0,0,0
13182,1,0,0,0,0,0
13183,1,0,0,0,0,0
13184,1,0,0,0,0,0
13185,1,0,0,1,1,0
13186,1,0,0,-1,1,0
13187,1,0,0,0,0,0
13188,1,0,0,0,0,0
13189,1,0,0,0,0,0
13190,1,0,0,0,0,0
13191,1,0,0,0,0,0
13192,1,0,0,0,0,0
13193,1,0,0,1,1,0
13194,1,0,0,-1,1,0
13195,1,0,0,0,0,0
13196,1,0,0,0,0,0
13197,1,0,0,0,0,0
13198,1,0,0,0,0,0
13199,1,0,0,0,0,0
13200,1,0,0,1,1,0
13201,1,0,0,-1,1,0
13202,1,0,0,0,0,0
13203,1,0,0,1,1,0
13204,1,0,0,-1,1,0
13205,1,0,0,0,0,0
13206,1,0,0,0,0,0
13207,1,0,0,0,0,0
13208,1,0,0,0,0,0
13209,1,0,0,1,1,0
13210,1,0,0,-1,1,0
13211,1,0,0,0,0,0
13212,1,0,0,0,0,0
13213,1,0,0,0,0,0
13214,1,0,0,0,0,0
13215,1,0,0,0,0,0
13216,1,0,0,0,0,0
13217,1,0,0,0,0,0
13218,1,0,0,0,0,0
13219,1,0,0,1,1,0
13220,1,0,0,-1,1,0
13221,1,0,0,0,0,0
13222,1,0,0,0,0,0
13223,1,0,0,0,0,0
13224,1,0,0,1,1,0
13225,1,0,0,-1,1,0
13226,1,0,0,0,0,0
13227,1,0,0,0,0,0
13228,1,0,0,0,0,0
13229,1,0,0,0,0,0
13230,1,0,0,0,0,0
13231,1,0,0,0,0,0
13232,1,0,0,0,0,0
13233,1,0,0,0,0,0
13234,1,0,0,0,0,0
13235,1,0,0,0,0,0
13236,1,0,0,0,0,0
13237,1,0,0,0,0,0
13238,1,0,0,0,0,0
13239,1,0,0,0,0,0
13240,1,0,0,0,0,0
13241,1,0,0,0,0,0
13242,1,0,0,0,0,0
13243,1,0,0,0,0,0
13244,1,0,0,0,0,0
13245,1,0,0,0,0,0
13246,1,0,0,0,0,0
13247,1,0,0,0,0,0
13248,1,0,0,0,0,0
13249,1,0,0,0,0,0
13250,1,0,0,0,0,0
13251,1,0,0,0,0,0
13252,1,0,0,0,0,0
13253,1,0,0,0,0,0
13254,1,0,0,0,0,0
13255,1,0,0,0,0,0
13256,1,0,0,0,0,0
13257,1,0,0,0,0,0
13258,1,0,0,0,0,0
13259,1,0,0,1,1,0
13260,1,0,0,-1,1,0
13261,1,0,0,0,0,0
13262,1,0,0,0,0,0
13263,1,0,0,0,0,0
13264,1,0,0,0,0,0
13265,1,0,0,0,0,0
13266,1,0,0,1,1,0
13267,1,0,0,0,1,0
13268,1,0,0,-1,1,0
13269,1,0,0,0,0,0
13270,1,0,0,0,0,0
13271,1,0,0,0,0,0
13272,1,0,0,0,0,0
13273,1,0,0,0,0,0
13274,1,0,0,0,0,0
13275,1,0,0,0,0,0
13276,1,0,0,0,0,0
13277,1,0,0,0,0,0
13278,1,0,0,0,0,0
13279,1,0,0,0,0,0
13280,1,0,0,2,1,0
13281,1,0,0,-2,1,0
13282,1,0,0,0,0,0
13283,1,0,0,0,0,0
13284,1,0,0,0,0,0
13285,1,0,0,0,0,0
13286,1,0,0,0,0,0
13287,1,0,0,0,0,0
13288,1,0,0,0,0,0
13289,1,0,0,1,1,0
13290,1,0,0,-1,1,0
13291,1,0,0,0,0,0
13292,1,0,0,0,0,0
13293,1,0,0,0,0,0
13294,1,0,0,0,0,0
13295,1,0,0,0,0,0
13296,1,0,0,0,0,0
13297,1,0,0,0,0,0
13298,1,0,0,0,0,0
13299,1,0,0,0,0,0
13300,1,0,0,0,0,0
13301,1,0,0,0,0,0
13302,1,0,0,0,0,0
13303,1,0,0,0,0,0
13304,1,0,0,0,0,0
13305,1,0,0,0,0,0
13306,1,0,0,0,0,0
13307,1,0,0,0,0,0
13308,1,0,0,0,0,0
13309,1,0,0,0,0,0
13310,1,0,0,2,1,0
13311,1,0,0,-2,1,0
13312,1,0,0,0,0,0
13313,1,0,0,0,0,0
13314,1,0,0,0,0,0
13315,1,0,0,0,0,0
13316,1,0,0,0,0,0
13317,1,0,0,0,0,0
13318,1,0,0,1,1,0
13319,1,0,0,-1,1,0
13320,1,0,0,0,0,0
13321,1,0,0,0,0,0
13322,1,0,0,0,0,0
13323,1,0,0,0,0,0
13324,1,0,0,1,1,0
13325,1,0,0,-1,1,0
13326,1,0,0,0,0,0
13327,1,0,0,0,0,0
13328,1,0,0,0,0,0
13329,1,0,0,2,1,0
13330,1,0,0,-2,1,0
13331,1,0,0,0,0,0
13332,1,0,0,0,0,0
13333,1,0,0,0,0,0
13334,1,0,0,0,0,0
13335,1,0,0,0,0,0
13336,1,0,0,0,0,0
13337,1,0,0,0,0,0
13338,1,0,0,0,0,0
13339,1,0,0,0,0,0
13340,1,0,0,0,0,0
13341,1,0,0,0,0,0
13342,1,0,0,0,0,0
13343,1,0,0,0,0,0
13344,1,0,0,1,1,0
13345,1,0,0,-1,1,0
13346,1,0,0,0,0,0
13347,1,0,0,0,0,0
13348,1,0,0,0,0,0
13349,1,0,0,0,0,0
13350,1,0,0,0,0,0
13351,1,0,0,0,0,0
13352,1,0,0,0,0,0
13353,1,0,0,0,0,0
13354,1,0,0,0,0,0
13355,1,0,0,0,0,0
13356,1,0,0,0,0,0
13357,1,0,0,1,1,0
13358,1,0,0,-1,1,0
13359,1,0,0,0,0,0
13360,1,0,0,1,1,0
13361,1,0,0,-1,1,0
13362,1,0,0,0,0,0
13363,1,0,0,0,0,0
13364,1,0,0,0,0,0
13365,1,0,0,0,0,0
13366,1,0,0,0,0,0
13367,1,0,0,0,0,0
13368,1,0,0,0,0,0
13369,1,0,0,0,0,0
13370,1,0,0,0,0,0
13371,1,0,0,0,0,0
13372,1,0,0,0,0,0
13373,1,0,0,0,0,0
13374,1,0,0,1,1,0
13375,1,0,0,-1,1,0
13376,1,0,0,0,0,0
13377,1,0,0,0,0,0
13378,1,0,0,0,0,0
13379,1,0,0,0,0,0
13380,1,0,0,0,0,0
13381,1,0,0,0,0,0
13382,1,0,0,1,1,0
13383,1,0,0,-1,1,0
13384,1,0,0,0,0,0
13385,1,0,0,1,1,0
13386,1,0,0,-1,1,0
13387,1,0,0,0,0,0
13388,1,0,0,0,0,0
13389,1,0,0,0,0,0
13390,1,0,0,0,0,0
13391,1,0,0,0,0,0
13392,1,0,0,0,0,0
13393,1,0,0,0,0,0
13394,1,0,0,0,0,0
13395,1,0,0,0,0,0
13396,1,0,0,0,0,0
13397,1,0,0,2,1,0
13398,1,0,0,-2,1,0
13399,1,0,0,0,0,0
13400,1,0,0,0,0,0
13401,1,0,0,0,0,0
13402,1,0,0,0,0,0
13403,1,0,0,0,0,0
13404,1,0,0,0,0,0
13405,1,0,0,0,0,0
13406,1,0,0,0,0,0
13407,1,0,0,0,0,0
13408,1,0,0,1,1,0
13409,1,0,0,-1,1,0
13410,1,0,0,0,0,0
13411,1,0,0,0,0,0
13412,1,0,0,0,0,0
13413,1,0,0,0,0,0
13414,1,0,0,0,0,0
13415,1,0,0,1,1,0
13416,1,0,0,-1,1,0
13417,1,0,0,0,0,0
13418,1,0,0,0,0,0
13419,1,0,0,0,0,0
13420,1,0,0,0,0,0
13421,1,0,0,0,0,0
13422,1,0,0,0,0,0
13423,1,0,0,0,0,0
13424,1,0,0,0,0,0
13425,1,0,0,0,0,0
13426,1,0,0,1,1,0
13427,1,0,0,-1,1,0
13428,1,0,0,0,0,0
13429,1,0,0,1,1,0
13430,1,0,0,-1,1,0
13431,1,0,0,0,0,0
13432,1,0,0,0,0,0
13433,1,0,0,1,1,0
13434,1,0,0,-1,1,0
13435,1,0,0,0,0,0
13436,1,0,0,0,0,0
13437,1,0,0,0,0,0
13438,1,0,0,0,0,0
13439,1,0,0,0,0,0
13440,1,0,0,0,0,0
13441,1,0,0,0,0,0
13442,1,0,0,0,0,0
13443,1,0,0,0,0,0
13444,1,0,0,0,0,0
13445,1,0,0,0,0,0
13446,1,0,0,0,0,0
13447,1,0,0,0,0,0
13448,1,0,0,0,0,0
13449,1,0,0,0,0,0
13450,1,0,0,0,0,0
13451,1,0,0,0,0,0
13452,1,0,0,0,0,0
13453,1,0,0,0,0,0
13454,1,0,0,1,1,0
13455,1,0,0,-1,1,0
13456,1,0,0,0,0,0
13457,1,0,0,0,0,0
13458,1,0,0,0,0,0
13459,1,0,0,0,0,0
13460,1,0,0,0,0,0
13461,1,0,0,0,0,0
13462,1,0,0,0,0,0
13463,1,0,0,0,0,0
13464,1,0,0,0,0,0
13465,1,0,0,1,1,0
13466,1,0,0,-1,1,0
13467,1,0,0,0,0,0
13468,1,0,0,0,0,0
13469,1,0,0,0,0,0
13470,1,0,0,0,0,0
13471,1,0,0,0,0,0
13472,1,0,0,1,1,0
13473,1,0,0,-1,1,0
13474,1,0,0,0,0,0
13475,1,0,0,0,0,0
13476,1,0,0,0,0,0
13477,1,0,0,0,0,0
13478,1,0,0,0,0,0
13479,1,0,0,0,0,0
13480,1,0,0,0,0,0
13481,1,0,0,0,0,0
13482,1,0,0,0,0,0
13483,1,0,0,0,0,0
13484,1,0,0,0,0,0
13485,1,0,0,0,0,0
13486,1,0,0,0,0,0
13487,1,0,0,0,0,0
13488,1,0,0,0,0,0
13489,1,0,0,0,0,0
13490,1,0,0,0,0,0
13491,1,0,0,0,0,0
13492,1,0,0,0,0,0
13493,1,0,0,0,0,0
13494,1,0,0,0,0,0
13495,1,0,0,0,0,0
13496,1,0,0,0,0,0
13497,1,0,0,1,1,0
13498,1,0,0,-1,1,0
13499,1,0,0,0,0,0
13500,1,0,0,1,1,0
13501,1,0,0,-1,1,0
13502,1,0,0,1,1,0
13503,1,0,0,-1,1,0
13504,1,0,0,0,0,0
13505,1,0,0,2,1,0
13506,1,0,0,-2,1,0
13507,1,0,0,0,0,0
13508,1,0,0,0,0,0
13509,1,0,0,0,0,0
13510,1,0,0,0,0,0
13511,1,0,0,1,1,0
13512,1,0,0,-1,1,0
13513,1,0,0,0,0,0
13514,1,0,0,0,0,0
13515,1,0,0,0,0,0
13516,1,0,0,0,0,0
13517,1,0,0,1,1,0
13518,1,0,0,-1,1,0
13519,1,0,0,0,0,0
13520,1,0,0,0,0,0
13521,1,0,0,1,1,0
13522,1,0,0,-1,1,0
13523,1,0,0,0,0,0
13524,1,0,0,0,0,0
13525,1,0,0,0,0,0
13526,1,0,0,0,0,0
13527,1,0,0,0,0,0
13528,1,0,0,1,1,0
13529,1,0,0,-1,1,0
13530,1,0,0,0,0,0
13531,1,0,0,0,0,0
13532,1,0,0,1,1,0
13533,1,0,0,-1,1,0
13534,1,0,0,0,0,0
13535,1,0,0,0,0,0
13536,1,0,0,0,0,0
13537,1,0,0,0,0,0
13538,1,0,0,0,0,0
13539,1,0,0,0,0,0
13540,1,0,0,0,0,0
13541,1,0,0,1,1,0
13542,1,0,0,-1,1,0
13543,1,0,0,0,0,0
13544,1,0,0,0,0,0
13545,1,0,0,0,0,0
13546,1,0,0,0,0,0
13547,1,0,0,0,0,0
13548,1,0,0,0,0,0
13549,1,0,0,0,0,0
13550,1,0,0,0,0,0
13551,1,0,0,0,0,0
13552,1,0,0,0,0,0
13553,1,0,0,0,0,0
13554,1,0,0,0,0,0
13555,1,0,0,1,1,0
13556,1,0,0,-1,1,0
13557,1,0,0,0,0,0
13558,1,0,0,0,0,0
13559,1,0,0,0,0,0
13560,1,0,0,0,0,0
13561,1,0,0,0,0,0
13562,1,0,0,0,0,0
13563,1,0,0,0,0,0
13564,1,0,0,0,0,0
13565,1,0,0,0,0,0
13566,1,0,0,0,0,0
13567,1,0,0,0,0,0
13568,1,0,0,0,0,0
13569,1,0,0,0,0,0
13570,1,0,0,0,0,0
13571,1,0,0,1,1,0
13572,1,0,0,-1,1,0
13573,1,0,0,0,0,0
13574,1,0,0,0,0,0
13575,1,0,0,1,1,0
13576,1,0,0,-1,1,0
13577,1,0,0,1,1,0
13578,1,0,0,-1,1,0
13579,1,0,0,0,0,0
13580,1,0,0,0,0,0
13581,1,0,0,0,0,0
13582,1,0,0,0,0,0
13583,1,0,0,0,0,0
13584,1,0,0,0,0,0
13585,1,0,0,0,0,0
13586,1,0,0,0,0,0
13587,1,0,0,2,1,0
13588,1,0,0,-2,1,0
13589,1,0,0,0,0,0
13590,1,0,0,0,0,0
13591,1,0,0,0,0,0
13592,1,0,0,1,1,0
13593,1,0,0,-1,1,0
13594,1,0,0,0,0,0
13595,1,0,0,0,0,0
13596,1,0,0,0,0,0
13597,1,0,0,0,0,0
13598,1,0,0,0,0,0
13599,1,0,0,0,0,0
13600,1,0,0,0,0,0
13601,1,0,0,0,0,0
13602,1,0,0,0,0,0
13603,1,0,0,0,0,0
13604,1,0,0,0,0,0
13605,1,0,0,0,0,0
13606,1,0,0,0,0,0
13607,1,0,0,0,0,0
13608,1,0,0,0,0,0
13609,1,0,0,0,0,0
13610,1,0,0,0,0,0
13611,1,0,0,0,0,0
13612,1,0,0,0,0,0
13613,1,0,0,0,0,0
13614,1,0,0,0,0,0
13615,1,0,0,0,0,0
13616,1,0,0,0,0,0
13617,1,0,0,0,0,0
13618,1,0,0,0,0,0
13619,1,0,0,0,0,0
13620,1,0,0,0,0,0
13621,1,0,0,0,0,0
13622,1,0,0,0,0,0
13623,1,0,0,0,0,0
13624,1,0,0,1,1,0
13625,1,0,0,-1,1,0
13626,1,0,0,0,0,0
13627,1,0,0,0,0,0
13628,1,0,0,0,0,0
13629,1,0,0,0,0,0
13630,1,0,0,0,0,0
13631,1,0,0,0,0,0
13632,1,0,0,0,0,0
13633,1,0,0,0,0,0
13634,1,0,0,0,0,0
13635,1,0,0,1,1,0
13636,1,0,0,0,1,0
13637,1,0,0,-1,1,0
13638,1,0,0,0,0,0
13639,1,0,0,0,0,0
13640,1,0,0,0,0,0
13641,1,0,0,0,0,0
13642,1,0,0,0,0,0
13643,1,0,0,0,0,0
13644,1,0,0,0,0,0
13645,1,0,0,0,0,0
13646,1,0,0,0,0,0
13647,1,0,0,0,0,0
13648,1,0,0,0,0,0
13649,1,0,0,0,0,0
13650,1,0,0,0,0,0
13651,1,0,0,0,0,0
13652,1,0,0,0,0,0
13653,1,0,0,0,0,0
13654,1,0,0,0,0,0
13655,1,0,0,0,0,0
13656,1,0,0,0,0,0
13657,1,0,0,0,0,0
13658,1,0,0,0,0,0
13659,1,0,0,2,1,0
13660,1,0,0,-2,1,0
13661,1,0,0,0,0,0
13662,1,0,0,0,0,0
13663,1,0,0,1,1,0
13664,1,0,0,-1,1,0
13665,1,0,0,0,0,0
13666,1,0,0,0,0,0
13667,1,0,0,0,0,0
13668,1,0,0,0,0,0
13669,1,0,0,0,0,0
13670,1,0,0,0,0,0
13671,1,0,0,0,0,0
13672,1,0,0,0,0,0
13673,1,0,0,0,0,0
13674,1,0,0,0,0,0
13675,1,0,0,0,0,0
13676,1,0,0,0,0,0
13677,1,0,0,0,0,0
13678,1,0,0,0,0,0
13679,1,0,0,0,0,0
13680,1,0,0,0,0,0
13681,1,0,0,0,0,0
13682,1,0,0,0,0,0
13683,1,0,0,0,0,0
13684,1,0,0,0,0,0
13685,1,0,0,0,0,0
13686,1,0,0,0,0,0
13687,1,0,0,0,0,0
13688,1,0,0,0,0,0
13689,1,0,0,0,0,0
13690,1,0,0,0,0,0
13691,1,0,0,1,1,0
13692,1,0,0,-1,1,0
13693,1,0,0,0,0,0
13694,1,0,0,0,0,0
13695,1,0,0,0,0,0
13696,1,0,0,0,0,0
13697,1,0,0,0,0,0
13698,1,0,0,0,0,0
13699,1,0,0,0,0,0
13700,1,0,0,0,0,0
13701,1,0,0,0,0,0
13702,1,0,0,0,0,0
13703,1,0,0,0,0,0
13704,1,0,0,0,0,0
13705,1,0,0,0,0,0
13706,1,0,0,1,1,0
13707,1,0,0,-1,1,0
13708,1,0,0,0,0,0
13709,1,0,0,2,1,0
13710,1,0,0,-2,1,0
13711,1,0,0,1,1,0
13712,1,0,0,-1,1,0
13713,1,0,0,1,1,0
13714,1,0,0,-1,1,0
13715,1,0,0,0,0,0
13716,1,0,0,0,0,0
13717,1,0,0,0,0,0
13718,1,0,0,0,0,0
13719,1,0,0,0,0,0
13720,1,0,0,0,0,0
13721,1,0,0,0,0,0
13722,1,0,0,0,0,0
13723,1,0,0,0,0,0
13724,1,0,0,0,0,0
13725,1,0,0,0,0,0
13726,1,0,0,0,0,0
13727,1,0,0,0,0,0
13728,1,0,0,0,0,0
13729,1,0,0,0,0,0
13730,1,0,0,0,0,0
13731,1,0,0,0,0,0
13732,1,0,0,0,0,0
13733,1,0,0,0,0,0
13734,1,0,0,0,0,0
13735,1,0,0,0,0,0
13736,1,0,0,0,0,0
13737,1,0,0,0,0,0
13738,1,0,0,0,0,0
13739,1,0,0,0,0,0
13740,1,0,0,0,0,0
13741,1,0,0,0,0,0
13742,1,0,0,0,0,0
13743,1,0,0,0,0,0
13744,1,0,0,0,0,0
13745,1,0,0,0,0,0
13746,1,0,0,0,0,0
13747,1,0,0,0,0,0
13748,1,0,0,2,1,0
13749,1,0,0,-2,1,0
13750,1,0,0,2,1,0
13751,1,0,0,-2,1,0
13752,1,0,0,0,0,0
13753,1,0,0,1,1,0
13754,1,0,0,-1,1,0
13755,1,0,0,0,0,0
13756,1,0,0,0,0,0
13757,1,0,0,1,1,0
13758,1,0,0,-1,1,0
13759,1,0,0,0,0,0
13760,1,0,0,0,0,0
13761,1,0,0,1,1,0
13762,1,0,0,-1,1,0
13763,1,0,0,0,0,0
13764,1,0,0,0,0,0
13765,1,0,0,0,0,0
13766,1,0,0,0,0,0
13767,1,0,0,0,0,0
13768,1,0,0,2,1,0
13769,1,0,0,-2,1,0
13770,1,0,0,0,0,0
13771,1,0,0,1,1,0
13772,1,0,0,-1,1,0
13773,1,0,0,0,0,0
13774,1,0,0,0,0,0
13775,1,0,0,0,0,0
13776,1,0,0,0,0,0
13777,1,0,0,0,0,0
13778,1,0,0,0,0,0
13779,1,0,0,0,0,0
13780,1,0,0,0,0,0
13781,1,0,0,1,1,0
13782,1,0,0,0,1,0
13783,1,0,0,-1,1,0
13784,1,0,0,0,0,0
13785,1,0,0,0,0,0
13786,1,0,0,0,0,0
13787,1,0,0,0,0,0
13788,1,0,0,1,1,0
13789,1,0,0,-1,1,0
13790,1,0,0,0,0,0
13791,1,0,0,0,0,0
13792,1,0,0,0,0,0
13793,1,0,0,1,1,0
13794,1,0,0,-1,1,0
13795,1,0,0,0,0,0
13796,1,0,0,0,0,0
13797,1,0,0,0,0,0
13798,1,0,0,0,0,0
13799,1,0,0,0,0,0
13800,1,0,0,0,0,0
13801,1,0,0,0,0,0
13802,1,0,0,0,0,0
13803,1,0,0,0,0,0
13804,1,0,0,0,0,0
13805,1,0,0,0,0,0
13806,1,0,0,0,0,0
13807,1,0,0,0,0,0
13808,1,0,0,0,0,0
13809,1,0,0,0,0,0
13810,1,0,0,0,0,0
13811,1,0,0,0,0,0
13812,1,0,0,0,0,0
13813,1,0,0,0,0,0
13814,1,0,0,0,0,0
13815,1,0,0,0,0,0
13816,1,0,0,1,1,0
13817,1,0,0,-1,1,0
13818,1,0,0,0,0,0
13819,1,0,0,0,0,0
13820,1,0,0,0,0,0
13821,1,0,0,0,0,0
13822,1,0,0,0,0,0
13823,1,0,0,0,0,0
13824,1,0,0,1,1,0
13825,1,0,0,-1,1,0
13826,1,0,0,0,0,0
13827,1,0,0,0,0,0
13828,1,0,0,0,0,0
13829,1,0,0,0,0,0
13830,1,0,0,0,0,0
13831,1,0,0,0,0,0
13832,1,0,0,0,0,0
13833,1,0,0,1,1,0
13834,1,0,0,-1,1,0
13835,1,0,0,0,0,0
13836,1,0,0,0,0,0
13837,1,0,0,0,0,0
13838,1,0,0,0,0,0
13839,1,0,0,0,0,0
13840,1,0,0,0,0,0
13841,1,0,0,0,0,0
13842,1,0,0,0,0,0
13843,1,0,0,0,0,0
13844,1,0,0,1,1,0
13845,1,0,0,-1,1,0
13846,1,0,0,0,0,0
13847,1,0,0,0,0,0
13848,1,0,0,0,0,0
13849,1,0,0,0,0,0
13850,1,0,0,0,0,0
13851,1,0,0,0,0,0
13852,1,0,0,1,1,0
13853,1,0,0,-1,1,0
13854,1,0,0,0,0,0
13855,1,0,0,0,0,0
13856,1,0,0,0,0,0
13857,1,0,0,0,0,0
13858,1,0,0,0,0,0
13859,1,0,0,0,0,0
13860,1,0,0,0,0,0
13861,1,0,0,1,1,0
13862,1,0,0,-1,1,0
13863,1,0,0,0,0,0
13864,1,0,0,0,0,0
13865,1,0,0,0,0,0
13866,1,0,0,1,1,0
13867,1,0,0,-1,1,0
13868,1,0,0,0,0,0
13869,1,0,0,1,1,0
13870,1,0,0,-1,1,0
13871,1,0,0,0,0,0
13872,1,0,0,0,0,0
13873,1,0,0,0,0,0
13874,1,0,0,0,0,0
13875,1,0,0,0,0,0
13876,1,0,0,0,0,0
13877,1,0,0,0,0,0
13878,1,0,0,0,0,0
13879,1,0,0,0,0,0
13880,1,0,0,0,0,0
13881,1,0,0,0,0,0
13882,1,0,0,1,1,0
13883,1,0,0,-1,1,0
13884,1,0,0,0,0,0
13885,1,0,0,0,0,0
13886,1,0,0,0,0,0
13887,1,0,0,0,0,0
13888,1,0,0,0,0,0
13889,1,0,0,1,1,0
13890,1,0,0,-1,1,0
13891,1,0,0,0,0,0
13892,1,0,0,0,0,0
13893,1,0,0,0,0,0
13894,1,0,0,0,0,0
13895,1,0,0,0,0,0
13896,1,0,0,0,0,0
13897,1,0,0,0,0,0
13898,1,0,0,0,0,0
13899,1,0,0,1,1,0
13900,1,0,0,-1,1,0
13901,1,0,0,0,0,0
13902,1,0,0,0,0,0
13903,1,0,0,0,0,0
13904,1,0,0,1,1,0
13905,1,0,0,-1,1,0
13906,1,0,0,0,0,0
13907,1,0,0,0,0,0
13908,1,0,0,0,0,0
13909,1,0,0,0,0,0
13910,1,0,0,0,0,0
13911,1,0,0,1,1,0
13912,1,0,0,-1,1,0
13913,1,0,0,0,0,0
13914,1,0,0,0,0,0
13915,1,0,0,0,0,0
13916,1,0,0,0,0,0
13917,1,0,0,0,0,0
13918,1,0,0,0,0,0
13919,1,0,0,0,0,0
13920,1,0,0,0,0,0
13921,1,0,0,0,0,0
13922,1,0,0,0,0,0
13923,1,0,0,0,0,0
13924,1,0,0,0,0,0
13925,1,0,0,0,0,0
13926,1,0,0,0,0,0
13927,1,0,0,0,0,0
13928,1,0,0,0,0,0
13929,1,0,0,0,0,0
13930,1,0,0,1,1,0
13931,1,0,0,-1,1,0
13932,1,0,0,1,1,0
13933,1,0,0,-1,1,0
13934,1,0,0,0,0,0
13935,1,0,0,0,0,0
13936,1,0,0,0,0,0
13937,1,0,0,0,0,0
13938,1,0,0,0,0,0
13939,1,0,0,0,0,0
13940,1,0,0,0,0,0
13941,1,0,0,0,0,0
13942,1,0,0,0,0,0
13943,1,0,0,0,0,0
13944,1,0,0,0,0,0
13945,1,0,0,0,0,0
13946,1,0,0,0,0,0
13947,1,0,0,0,0,0
13948,1,0,0,0,0,0
13949,1,0,0,0,0,0
13950,1,0,0,0,0,0
13951,1,0,0,0,0,0
13952,1,0,0,0,0,0
13953,1,0,0,0,0,0
13954,1,0,0,0,0,0
13955,1,0,0,0,0,0
13956,1,0,0,0,0,0
13957,1,0,0,0,0,0
13958,1,0,0,0,0,0
13959,1,0,0,0,0,0
13960,1,0,0,0,0,0
13961,1,0,0,0,0,0
13962,1,0,0,0,0,0
13963,1,0,0,0,0,0
13964,1,0,0,0,0,0
13965,1,0,0,0,0,0
13966,1,0,0,2,1,0
13967,1,0,0,-2,1,0
13968,1,0,0,1,1,0
13969,1,0,0,-1,1,0
13970,1,0,0,0,0,0
13971,1,0,0,0,0,0
13972,1,0,0,0,0,0
13973,1,0,0,0,0,0
13974,1,0,0,3,1,0
13975,1,0,0,-3,1,0
13976,1,0,0,0,0,0
13977,1,0,0,0,0,0
13978,1,0,0,0,0,0
13979,1,0,0,0,0,0
13980,1,0,0,0,0,0
13981,1,0,0,0,0,0
13982,1,0,0,0,0,0
13983,1,0,0,0,0,0
13984,1,0,0,0,0,0
13985,1,0,0,0,0,0
13986,1,0,0,0,0,0
13987,1,0,0,0,0,0
13988,1,0,0,0,0,0
13989,1,0,0,0,0,0
13990,1,0,0,0,0,0
13991,1,0,0,0,0,0
13992,1,0,0,0,0,0
13993,1,0,0,0,0,0
13994,1,0,0,0,0,0
13995,1,0,0,0,0,0
13996,1,0,0,0,0,0
13997,1,0,0,0,0,0
13998,1,0,0,0,0,0
13999,1,0,0,0,0,0
14000,1,0,0,0,0,0
14001,1,0,0,0,0,0
14002,1,0,0,0,0,0
14003,1,0,0,0,0,0
14004,1,0,0,0,0,0
14005,1,0,0,0,0,0
14006,1,0,0,0,0,0
14007,1,0,0,0,0,0
14008,1,0,0,0,0,0
14009,1,0,0,1,1,0
14010,1,0,0,-1,1,0
14011,1,0,0,0,0,0
14012,1,0,0,0,0,0
14013,1,0,0,0,0,0
14014,1,0,0,0,0,0
14015,1,0,0,0,0,0
14016,1,0,0,0,0,0
14017,1,0,0,0,0,0
14018,1,0,0,0,0,0
14019,1,0,0,0,0,0
14020,1,0,0,0,0,0
14021,1,0,0,0,0,0
14022,1,0,0,2,1,0
14023,1,0,0,-2,1,0
14024,1,0,0,0,0,0
14025,1,0,0,0,0,0
14026,1,0,0,0,0,0
14027,1,0,0,0,0,0
14028,1,0,0,0,0,0
14029,1,0,0,2,1,0
14030,1,0,0,-2,1,0
14031,1,0,0,0,0,0
14032,1,0,0,0,0,0
14033,1,0,0,0,0,0
14034,1,0,0,0,0,0
14035,1,0,0,0,0,0
14036,1,0,0,0,0,0
14037,1,0,0,0,0,0
14038,1,0,0,0,0,0
14039,1,0,0,0,0,0
14040,1,0,0,0,0,0
14041,1,0,0,0,0,0
14042,1,0,0,0,0,0
14043,1,0,0,0,0,0
14044,1,0,0,0,0,0
14045,1,0,0,0,0,0
14046,1,0,0,0,0,0
14047,1,0,0,0,0,0
14048,1,0,0,0,0,0
14049,1,0,0,0,0,0
14050,1,0,0,0,0,0
14051,1,0,0,0,0,0
14052,1,0,0,0,0,0
14053,1,0,0,0,0,0
14054,1,0,0,0,0,0
14055,1,0,0,0,0,0
14056,1,0,0,0,0,0
14057,1,0,0,0,0,0
14058,1,0,0,0,0,0
14059,1,0,0,0,0,0
14060,1,0,0,0,0,0
14061,1,0,0,0,0,0
14062,1,0,0,0,0,0
14063,1,0,0,0,0,0
14064,1,0,0,0,0,0
14065,1,0,0,0,0,0
14066,1,0,0,0,0,0
14067,1,0,0,0,0,0
14068,1,0,0,0,0,0
14069,1,0,0,0,0,0
14070,1,0,0,0,0,0
14071,1,0,0,0,0,0
14072,1,0,0,0,0,0
14073,1,0,0,1,1,0
14074,1,0,0,-1,1,0
14075,1,0,0,0,0,0
14076,1,0,0,3,1,0
14077,1,0,0,-3,1,0
14078,1,0,0,0,0,0
14079,1,0,0,0,0,0
14080,1,0,0,0,0,0
14081,1,0,0,0,0,0
14082,1,0,0,0,0,0
14083,1,0,0,1,1,0
14084,1,0,0,-1,1,0
14085,1,0,0,0,0,0
14086,1,0,0,2,1,0
14087,1,0,0,-2,1,0
14088,1,0,0,0,0,0
14089,1,0,0,0,0,0
14090,1,0,0,0,0,0
14091,1,0,0,0,0,0
14092,1,0,0,0,0,0
14093,1,0,0,0,0,0
14094,1,0,0,2,1,0
14095,1,0,0,-2,1,0
14096,1,0,0,0,0,0
14097,1,0,0,0,0,0
14098,1,0,0,0,0,0
14099,1,0,0,0,0,0
14100,1,0,0,0,0,0
14101,1,0,0,0,0,0
14102,1,0,0,1,1,0
14103,1,0,0,-1,1,0
14104,1,0,0,0,0,0
14105,1,0,0,1,1,0
14106,1,0,0,-1,1,0
14107,1,0,0,0,0,0
14108,1,0,0,0,0,0
14109,1,0,0,0,0,0
14110,1,0,0,0,0,0
14111,1,0,0,0,0,0
14112,1,0,0,0,0,0
14113,1,0,0,0,0,0
14114,1,0,0,0,0,0
14115,1,0,0,0,0,0
14116,1,0,0,0,0,0
14117,1,0,0,0,0,0
14118,1,0,0,0,0,0
14119,1,0,0,0,0,0
14120,1,0,0,0,0,0
14121,1,0,0,0,0,0
14122,1,0,0,0,0,0
14123,1,0,0,0,0,0
14124,1,0,0,0,0,0
14125,1,0,0,0,0,0
14126,1,0,0,0,0,0
14127,1,0,0,0,0,0
14128,1,0,0,0,0,0
14129,1,0,0,0,0,0
14130,1,0,0,1,1,0
14131,1,0,0,-1,1,0
14132,1,0,0,0,0,0
14133,1,0,0,0,0,0
14134,1,0,0,0,0,0
14135,1,0,0,0,0,0
14136,1,0,0,0,0,0
14137,1,0,0,0,0,0
14138,1,0,0,0,0,0
14139,1,0,0,0,0,0
14140,1,0,0,0,0,0
14141,1,0,0,0,0,0
14142,1,0,0,0,0,0
14143,1,0,0,0,0,0
14144,1,0,0,0,0,0
14145,1,0,0,0,0,0
14146,1,0,0,0,0,0
14147,1,0,0,0,0,0
14148,1,0,0,0,0,0
14149,1,0,0,0,0,0
14150,1,0,0,0,0,0
14151,1,0,0,1,1,0
14152,1,0,0,-1,1,0
14153,1,0,0,0,0,0
14154,1,0,0,0,0,0
14155,1,0,0,1,1,0
14156,1,0,0,-1,1,0
14157,1,0,0,0,0,0
14158,1,0,0,0,0,0
14159,1,0,0,0,0,0
14160,1,0,0,0,0,0
14161,1,0,0,0,0,0
14162,1,0,0,0,0,0
14163,1,0,0,0,0,0
14164,1,0,0,2,1,0
14165,1,0,0,-2,1,0
14166,1,0,0,0,0,0
14167,1,0,0,0,0,0
14168,1,0,0,1,1,0
14169,1,0,0,-1,1,0
14170,1,0,0,0,0,0
14171,1,0,0,0,0,0
14172,1,0,0,0,0,0
14173,1,0,0,2,1,0
14174,1,0,0,-2,1,0
14175,1,0,0,0,0,0
14176,1,0,0,0,0,0
14177,1,0,0,0,0,0
14178,1,0,0,1,1,0
14179,1,0,0,-1,1,0
14180,1,0,0,0,0,0
14181,1,0,0,1,1,0
14182,1,0,0,-1,1,0
14183,1,0,0,0,0,0
14184,1,0,0,0,0,0
14185,1,0,0,0,0,0
14186,1,0,0,0,0,0
14187,1,0,0,0,0,0
14188,1,0,0,0,0,0
14189,1,0,0,0,0,0
14190,1,0,0,0,0,0
14191,1,0,0,0,0,0
14192,1,0,0,0,0,0
14193,1,0,0,0,0,0
14194,1,0,0,0,0,0
14195,1,0,0,0,0,0
14196,1,0,0,0,0,0
14197,1,0,0,1,1,0
14198,1,0,0,-1,1,0
14199,1,0,0,0,0,0
14200,1,0,0,0,0,0
14201,1,0,0,1,1,0
14202,1,0,0,-1,1,0
14203,1,0,0,0,0,0
14204,1,0,0,0,0,0
14205,1,0,0,0,0,0
14206,1,0,0,0,0,0
14207,1,0,0,0,0,0
14208,1,0,0,0,0,0
14209,1,0,0,0,0,0
14210,1,0,0,0,0,0
14211,1,0,0,0,0,0
14212,1,0,0,0,0,0
14213,1,0,0,0,0,0
14214,1,0,0,0,0,0
14215,1,0,0,1,1,0
14216,1,0,0,-1,1,0
14217,1,0,0,0,0,0
14218,1,0,0,0,0,0
14219,1,0,0,0,0,0
14220,1,0,0,0,0,0
14221,1,0,0,0,0,0
14222,1,0,0,0,0,0
14223,1,0,0,0,0,0
14224,1,0,0,0,0,0
14225,1,0,0,0,0,0
14226,1,0,0,2,1,0
14227,1,0,0,-2,1,0
14228,1,0,0,0,0,0
14229,1,0,0,0,0,0
14230,1,0,0,0,0,0
14231,1,0,0,1,1,0
14232,1,0,0,-1,1,0
14233,1,0,0,0,0,0
14234,1,0,0,0,0,0
14235,1,0,0,0,0,0
14236,1,0,0,0,0,0
14237,1,0,0,0,0,0
14238,1,0,0,0,0,0
14239,1,0,0,0,0,0
14240,1,0,0,0,0,0
14241,1,0,0,1,1,0
14242,1,0,0,-1,1,0
14243,1,0,0,0,0,0
14244,1,0,0,1,1,0
14245,1,0,0,-1,1,0
14246,1,0,0,0,0,0
14247,1,0,0,0,0,0
14248,1,0,0,0,0,0
14249,1,0,0,0,0,0
14250,1,0,0,0,0,0
14251,1,0,0,0,0,0
14252,1,0,0,0,0,0
14253,1,0,0,0,0,0
14254,1,0,0,0,0,0
14255,1,0,0,0,0,0
14256,1,0,0,0,0,0
14257,1,0,0,3,1,0
14258,1,0,0,-3,1,0
14259,1,0,0,0,0,0
14260,1,0,0,0,0,0
14261,1,0,0,0,0,0
14262,1,0,0,0,0,0
14263,1,0,0,0,0,0
14264,1,0,0,0,0,0
14265,1,0,0,0,0,0
14266,1,0,0,0,0,0
14267,1,0,0,0,0,0
14268,1,0,0,0,0,0
14269,1,0,0,0,0,0
14270,1,0,0,0,0,0
14271,1,0,0,0,0,0
14272,1,0,0,0,0,0
14273,1,0,0,0,0,0
14274,1,0,0,0,0,0
14275,1,0,0,0,0,0
14276,1,0,0,0,0,0
14277,1,0,0,0,0,0
14278,1,0,0,0,0,0
14279,1,0,0,0,0,0
14280,1,0,0,1,1,0
14281,1,0,0,-1,1,0
14282,1,0,0,1,1,0
14283,1,0,0,-1,1,0
14284,1,0,0,0,0,0
14285,1,0,0,0,0,0
14286,1,0,0,0,0,0
14287,1,0,0,0,0,0
14288,1,0,0,0,0,0
14289,1,0,0,0,0,0
14290,1,0,0,0,0,0
14291,1,0,0,0,0,0
14292,1,0,0,0,0,0
14293,1,0,0,0,0,0
14294,1,0,0,0,0,0
14295,1,0,0,0,0,0
14296,1,0,0,1,1,0
14297,1,0,0,-1,1,0
14298,1,0,0,0,0,0
14299,1,0,0,0,0,0
14300,1,0,0,1,1,0
14301,1,0,0,-1,1,0
14302,1,0,0,0,0,0
14303,1,0,0,0,0,0
14304,1,0,0,0,0,0
14305,1,0,0,0,0,0
14306,1,0,0,0,0,0
14307,1,0,0,0,0,0
14308,1,0,0,0,0,0
14309,1,0,0,0,0,0
14310,1,0,0,0,0,0
14311,1,0,0,1,1,0
14312,1,0,0,-1,1,0
14313,1,0,0,0,0,0
14314,1,0,0,0,0,0
14315,1,0,0,0,0,0
14316,1,0,0,0,0,0
14317,1,0,0,0,0,0
14318,1,0,0,0,0,0
14319,1,0,0,0,0,0
14320,1,0,0,0,0,0
14321,1,0,0,1,1,0
14322,1,0,0,0,1,0
14323,1,0,0,-1,1,0
14324,1,0,0,0,0,0
14325,1,0,0,0,0,0
14326,1,0,0,0,0,0
14327,1,0,0,0,0,0
14328,1,0,0,1,1,0
14329,1,0,0,-1,1,0
14330,1,0,0,0,0,0
14331,1,0,0,0,0,0
14332,1,0,0,0,0,0
14333,1,0,0,0,0,0
14334,1,0,0,0,0,0
14335,1,0,0,0,0,0
14336,1,0,0,0,0,0
14337,1,0,0,0,0,0
14338,1,0,0,0,0,0
14339,1,0,0,0,0,0
14340,1,0,0,0,0,0
14341,1,0,0,0,0,0
14342,1,0,0,0,0,0
14343,1,0,0,0,0,0
14344,1,0,0,0,0,0
14345,1,0,0,0,0,0
14346,1,0,0,0,0,0
14347,1,0,0,0,0,0
14348,1,0,0,0,0,0
14349,1,0,0,0,0,0
14350,1,0,0,0,0,0
14351,1,0,0,0,0,0
14352,1,0,0,0,0,0
14353,1,0,0,0,0,0
14354,1,0,0,0,0,0
14355,1,0,0,0,0,0
14356,1,0,0,0,0,0
14357,1,0,0,0,0,0
14358,1,0,0,0,0,0
14359,1,0,0,0,0,0
14360,1,0,0,0,0,0
14361,1,0,0,0,0,0
14362,1,0,0,0,0,0
14363,1,0,0,0,0,0
14364,1,0,0,0,0,0
14365,1,0,0,0,0,0
14366,1,0,0,0,0,0
14367,1,0,0,0,0,0
14368,1,0,0,0,0,0
14369,1,0,0,0,0,0
14370,1,0,0,0,0,0
14371,1,0,0,1,1,0
14372,1,0,0,0,1,0
14373,1,0,0,-1,1,0
14374,1,0,0,0,0,0
14375,1,0,0,0,0,0
14376,1,0,0,0,0,0
14377,1,0,0,0,0,0
14378,1,0,0,0,0,0
14379,1,0,0,0,0,0
14380,1,0,0,0,0,0
14381,1,0,0,0,0,0
14382,1,0,0,0,0,0
14383,1,0,0,0,0,0
14384,1,0,0,2,1,0
14385,1,0,0,-2,1,0
14386,1,0,0,0,0,0
14387,1,0,0,0,0,0
14388,1,0,0,0,0,0
14389,1,0,0,0,0,0
14390,1,0,0,0,0,0
14391,1,0,0,0,0,0
14392,1,0,0,0,0,0
14393,1,0,0,1,1,0
14394,1,0,0,-1,1,0
14395,1,0,0,0,0,0
14396,1,0,0,0,0,0
14397,1,0,0,0,0,0
14398,1,0,0,0,0,0
14399,1,0,0,1,1,0
14400,1,0,0,-1,1,0
14401,1,0,0,0,0,0
14402,1,0,0,0,0,0
14403,1,0,0,0,0,0
14404,1,0,0,1,1,0
14405,1,0,0,-1,1,0
14406,1,0,0,0,0,0
14407,1,0,0,0,0,0
14408,1,0,0,1,1,0
14409,1,0,0,-1,1,0
14410,1,0,0,0,0,0
14411,1,0,0,0,0,0
14412,1,0,0,0,0,0
14413,1,0,0,0,0,0
14414,1,0,0,0,0,0
14415,1,0,0,0,0,0
14416,1,0,0,0,0,0
14417,1,0,0,1,1,0
14418,1,0,0,-1,1,0
14419,1,0,0,1,1,0
14420,1,0,0,-1,1,0
14421,1,0,0,0,0,0
14422,1,0,0,0,0,0
14423,1,0,0,0,0,0
14424,1,0,0,0,0,0
14425,1,0,0,0,0,0
14426,1,0,0,0,0,0
14427,1,0,0,0,0,0
14428,1,0,0,0,0,0
14429,1,0,0,1,1,0
14430,1,0,0,-1,1,0
14431,1,0,0,0,0,0
14432,1,0,0,0,0,0
14433,1,0,0,0,0,0
14434,1,0,0,0,0,0
14435,1,0,0,0,0,0
14436,1,0,0,0,0,0
14437,1,0,0,0,0,0
14438,1,0,0,0,0,0
14439,1,0,0,0,0,0
14440,1,0,0,0,0,0
14441,1,0,0,1,1,0
14442,1,0,0,-1,1,0
14443,1,0,0,0,0,0
14444,1,0,0,0,0,0
14445,1,0,0,0,0,0
14446,1,0,0,0,0,0
14447,1,0,0,0,0,0
14448,1,0,0,0,0,0
14449,1,0,0,0,0,0
14450,1,0,0,0,0,0
14451,1,0,0,0,0,0
14452,1,0,0,0,0,0
14453,1,0,0,1,1,0
14454,1,0,0,-1,1,0
14455,1,0,0,2,1,0
14456,1,0,0,-2,1,0
14457,1,0,0,0,0,0
14458,1,0,0,0,0,0
14459,1,0,0,0,0,0
14460,1,0,0,0,0,0
14461,1,0,0,0,0,0
14462,1,0,0,0,0,0
14463,1,0,0,0,0,0
14464,1,0,0,1,1,0
14465,1,0,0,-1,1,0
14466,1,0,0,0,0,0
14467,1,0,0,0,0,0
14468,1,0,0,0,0,0
14469,1,0,0,0,0,0
14470,1,0,0,1,1,0
14471,1,0,0,-1,1,0
14472,1,0,0,1,1,0
14473,1,0,0,-1,1,0
14474,1,0,0,0,0,0
14475,1,0,0,0,0,0
14476,1,0,0,0,0,0
14477,1,0,0,0,0,0
14478,1,0,0,4,1,0
14479,1,0,0,-4,1,0
14480,1,0,0,0,0,0
14481,1,0,0,0,0,0
14482,1,0,0,0,0,0
14483,1,0,0,0,0,0
14484,1,0,0,0,0,0
14485,1,0,0,0,0,0
14486,1,0,0,0,0,0
14487,1,0,0,0,0,0
14488,1,0,0,0,0,0
14489,1,0,0,0,0,0
14490,1,0,0,0,0,0
14491,1,0,0,1,1,0
14492,1,0,0,-1,1,0
14493,1,0,0,0,0,0
14494,1,0,0,0,0,0
14495,1,0,0,0,0,0
14496,1,0,0,0,0,0
14497,1,0,0,0,0,0
14498,1,0,0,0,0,0
14499,1,0,0,0,0,0
14500,1,0,0,0,0,0
14501,1,0,0,0,0,0
14502,1,0,0,1,1,0
14503,1,0,0,0,1,0
14504,1,0,0,-1,1,0
14505,1,0,0,0,0,0
14506,1,0,0,0,0,0
14507,1,0,0,0,0,0
14508,1,0,0,0,0,0
14509,1,0,0,0,0,0
14510,1,0,0,0,0,0
14511,1,0,0,0,0,0
14512,1,0,0,0,0,0
14513,1,0,0,0,0,0
14514,1,0,0,0,0,0
14515,1,0,0,0,0,0
14516,1,0,0,0,0,0
14517,1,0,0,0,0,0
14518,1,0,0,0,0,0
14519,1,0,0,0,0,0
14520,1,0,0,1,1,0
14521,1,0,0,-1,1,0
14522,1,0,0,0,0,0
14523,1,0,0,0,0,0
14524,1,0,0,1,1,0
14525,1,0,0,-1,1,0
14526,1,0,0,0,0,0
14527,1,0,0,0,0,0
14528,1,0,0,0,0,0
14529,1,0,0,0,0,0
14530,1,0,0,0,0,0
14531,1,0,0,0,0,0
14532,1,0,0,0,0,0
14533,1,0,0,0,0,0
14534,1,0,0,0,0,0
14535,1,0,0,0,0,0
14536,1,0,0,0,0,0
14537,1,0,0,0,0,0
14538,1,0,0,1,1,0
14539,1,0,0,-1,1,0
14540,1,0,0,0,0,0
14541,1,0,0,0,0,0
14542,1,0,0,0,0,0
14543,1,0,0,0,0,0
14544,1,0,0,0,0,0
14545,1,0,0,0,0,0
14546,1,0,0,0,0,0
14547,1,0,0,0,0,0
14548,1,0,0,2,1,0
14549,1,0,0,-2,1,0
14550,1,0,0,0,0,0
14551,1,0,0,0,0,0
14552,1,0,0,0,0,0
14553,1,0,0,0,0,0
14554,1,0,0,0,0,0
14555,1,0,0,0,0,0
14556,1,0,0,0,0,0
14557,1,0,0,0,0,0
14558,1,0,0,0,0,0
14559,1,0,0,0,0,0
14560,1,0,0,0,0,0
14561,1,0,0,1,1,0
14562,1,0,0,-1,1,0
14563,1,0,0,0,0,0
14564,1,0,0,0,0,0
14565,1,0,0,0,0,0
14566,1,0,0,0,0,0
14567,1,0,0,0,0,0
14568,1,0,0,1,1,0
14569,1,0,0,-1,1,0
14570,1,0,0,1,1,0
14571,1,0,0,-1,1,0
14572,1,0,0,0,0,0
14573,1,0,0,0,0,0
14574,1,0,0,0,0,0
14575,1,0,0,0,0,0
14576,1,0,0,0,0,0
14577,1,0,0,0,0,0
14578,1,0,0,0,0,0
14579,1,0,0,0,0,0
14580,1,0,0,0,0,0
14581,1,0,0,0,0,0
14582,1,0,0,1,1,0
14583,1,0,0,0,1,0
14584,1,0,0,-1,1,0
14585,1,0,0,0,0,0
14586,1,0,0,0,0,0
14587,1,0,0,0,0,0
14588,1,0,0,0,0,0
14589,1,0,0,0,0,0
14590,1,0,0,0,0,0
14591,1,0,0,0,0,0
14592,1,0,0,0,0,0
14593,1,0,0,0,0,0
14594,1,0,0,0,0,0
14595,1,0,0,0,0,0
14596,1,0,0,0,0,0
14597,1,0,0,0,0,0
14598,1,0,0,0,0,0
14599,1,0,0,0,0,0
14600,1,0,0,0,0,0
14601,1,0,0,1,1,0
14602,1,0,0,-1,1,0
14603,1,0,0,0,0,0
14604,1,0,0,0,0,0
14605,1,0,0,0,0,0
14606,1,0,0,0,0,0
14607,1,0,0,0,0,0
14608,1,0,0,0,0,0
14609,1,0,0,0,0,0
14610,1,0,0,0,0,0
14611,1,0,0,0,0,0
14612,1,0,0,0,0,0
14613,1,0,0,0,0,0
14614,1,0,0,0,0,0
14615,1,0,0,0,0,0
14616,1,0,0,0,0,0
14617,1,0,0,0,0,0
14618,1,0,0,0,0,0
14619,1,0,0,0,0,0
14620,1,0,0,0,0,0
14621,1,0,0,0,0,0
14622,1,0,0,0,0,0
14623,1,0,0,1,1,0
14624,1,0,0,-1,1,0
14625,1,0,0,0,0,0
14626,1,0,0,0,0,0
14627,1,0,0,0,0,0
14628,1,0,0,0,0,0
14629,1,0,0,0,0,0
14630,1,0,0,0,0,0
14631,1,0,0,0,0,0
14632,1,0,0,0,0,0
14633,1,0,0,0,0,0
14634,1,0,0,0,0,0
14635,1,0,0,0,0,0
14636,1,0,0,0,0,0
14637,1,0,0,0,0,0
14638,1,0,0,0,0,0
14639,1,0,0,0,0,0
14640,1,0,0,0,0,0
14641,1,0,0,0,0,0
14642,1,0,0,0,0,0
14643,1,0,0,0,0,0
14644,1,0,0,0,0,0
14645,1,0,0,1,1,0
14646,1,0,0,-1,1,0
14647,1,0,0,0,0,0
14648,1,0,0,0,0,0
14649,1,0,0,0,0,0
14650,1,0,0,0,0,0
14651,1,0,0,1,1,0
14652,1,0,0,-1,1,0
14653,1,0,0,0,0,0
14654,1,0,0,0,0,0
14655,1,0,0,0,0,0
14656,1,0,0,0,0,0
14657,1,0,0,0,0,0
14658,1,0,0,0,0,0
14659,1,0,0,0,0,0
14660,1,0,0,0,0,0
14661,1,0,0,0,0,0
14662,1,0,0,0,0,0
14663,1,0,0,0,0,0
14664,1,0,0,0,0,0
14665,1,0,0,0,0,0
14666,1,0,0,0,0,0
14667,1,0,0,0,0,0
14668,1,0,0,0,0,0
14669,1,0,0,0,0,0
14670,1,0,0,0,0,0
14671,1,0,0,0,0,0
14672,1,0,0,0,0,0
14673,1,0,0,0,0,0
14674,1,0,0,0,0,0
14675,1,0,0,1,1,0
14676,1,0,0,-1,1,0
14677,1,0,0,0,0,0
14678,1,0,0,0,0,0
14679,1,0,0,0,0,0
14680,1,0,0,1,1,0
14681,1,0,0,-1,1,0
14682,1,0,0,0,0,0
14683,1,0,0,0,0,0
14684,1,0,0,0,0,0
14685,1,0,0,0,0,0
14686,1,0,0,0,0,0
14687,1,0,0,0,0,0
14688,1,0,0,0,0,0
14689,1,0,0,0,0,0
14690,1,0,0,0,0,0
14691,1,0,0,0,0,0
14692,1,0,0,0,0,0
14693,1,0,0,0,0,0
14694,1,0,0,0,0,0
14695,1,0,0,0,0,0
14696,1,0,0,0,0,0
14697,1,0,0,0,0,0
14698,1,0,0,0,0,0
14699,1,0,0,0,0,0
14700,1,0,0,0,0,0
14701,1,0,0,0,0,0
14702,1,0,0,0,0,0
14703,1,0,0,0,0,0
14704,1,0,0,0,0,0
14705,1,0,0,1,1,0
14706,1,0,0,0,1,0
14707,1,0,0,-1,1,0
14708,1,0,0,0,0,0
14709,1,0,0,0,0,0
14710,1,0,0,0,0,0
14711,1,0,0,0,0,0
14712,1,0,0,0,0,0
14713,1,0,0,0,0,0
14714,1,0,0,0,0,0
14715,1,0,0,0,0,0
14716,1,0,0,0,0,0
14717,1,0,0,0,0,0
14718,1,0,0,0,0,0
14719,1,0,0,0,0,0
14720,1,0,0,0,0,0
14721,1,0,0,0,0,0
14722,1,0,0,2,1,0
14723,1,0,0,-2,1,0
14724,1,0,0,0,0,0
14725,1,0,0,0,0,0
14726,1,0,0,0,0,0
14727,1,0,0,0,0,0
14728,1,0,0,0,0,0
14729,1,0,0,0,0,0
14730,1,0,0,0,0,0
14731,1,0,0,0,0,0
14732,1,0,0,0,0,0
14733,1,0,0,2,1,0
14734,1,0,0,-2,1,0
14735,1,0,0,0,0,0
14736,1,0,0,0,0,0
14737,1,0,0,0,0,0
14738,1,0,0,0,0,0
14739,1,0,0,0,0,0
14740,1,0,0,0,0,0
14741,1,0,0,0,0,0
14742,1,0,0,0,0,0
14743,1,0,0,0,0,0
14744,1,0,0,0,0,0
14745,1,0,0,0,0,0
14746,1,0,0,2,1,0
14747,1,0,0,-2,1,0
14748,1,0,0,0,0,0
14749,1,0,0,0,0,0
14750,1,0,0,0,0,0
14751,1,0,0,0,0,0
14752,1,0,0,0,0,0
14753,1,0,0,0,0,0
14754,1,0,0,0,0,0
14755,1,0,0,0,0,0
14756,1,0,0,0,0,0
14757,1,0,0,1,1,0
14758,1,0,0,-1,1,0
14759,1,0,0,0,0,0
14760,1,0,0,1,1,0
14761,1,0,0,-1,1,0
14762,1,0,0,0,0,0
14763,1,0,0,0,0,0
14764,1,0,0,0,0,0
14765,1,0,0,0,0,0
14766,1,0,0,0,0,0
14767,1,0,0,0,0,0
14768,1,0,0,0,0,0
14769,1,0,0,0,0,0
14770,1,0,0,1,1,0
14771,1,0,0,-1,1,0
14772,1,0,0,0,0,0
14773,1,0,0,0,0,0
14774,1,0,0,0,0,0
14775,1,0,0,1,1,0
14776,1,0,0,-1,1,0
14777,1,0,0,0,0,0
14778,1,0,0,0,0,0
14779,1,0,0,0,0,0
14780,1,0,0,0,0,0
14781,1,0,0,0,0,0
14782,1,0,0,0,0,0
14783,1,0,0,0,0,0
14784,1,0,0,0,0,0
14785,1,0,0,0,0,0
14786,1,0,0,0,0,0
14787,1,0,0,0,0,0
14788,1,0,0,0,0,0
14789,1,0,0,0,0,0
14790,1,0,0,0,0,0
14791,1,0,0,0,0,0
14792,1,0,0,0,0,0
14793,1,0,0,0,0,0
14794,1,0,0,2,1,0
14795,1,0,0,-2,1,0
14796,1,0,0,0,0,0
14797,1,0,0,0,0,0
14798,1,0,0,0,0,0
14799,1,0,0,0,0,0
14800,1,0,0,0,0,0
14801,1,0,0,0,0,0
14802,1,0,0,0,0,0
14803,1,0,0,0,0,0
14804,1,0,0,0,0,0
14805,1,0,0,0,0,0
14806,1,0,0,0,0,0
14807,1,0,0,0,0,0
14808,1,0,0,0,0,0
14809,1,0,0,0,0,0
14810,1,0,0,0,0,0
14811,1,0,0,0,0,0
14812,1,0,0,0,0,0
14813,1,0,0,0,0,0
14814,1,0,0,0,0,0
14815,1,0,0,0,0,0
14816,1,0,0,0,0,0
14817,1,0,0,0,0,0
14818,1,0,0,0,0,0
14819,1,0,0,0,0,0
14820,1,0,0,0,0,0
14821,1,0,0,0,0,0
14822,1,0,0,0,0,0
14823,1,0,0,0,0,0
14824,1,0,0,0,0,0
14825,1,0,0,0,0,0
14826,1,0,0,0,0,0
14827,1,0,0,0,0,0
14828,1,0,0,1,1,0
14829,1,0,0,-1,1,0
14830,1,0,0,0,0,0
14831,1,0,0,0,0,0
14832,1,0,0,1,1,0
14833,1,0,0,-1,1,0
14834,1,0,0,0,0,0
14835,1,0,0,0,0,0
14836,1,0,0,0,0,0
14837,1,0,0,0,0,0
14838,1,0,0,0,0,0
14839,1,0,0,0,0,0
14840,1,0,0,0,0,0
14841,1,0,0,0,0,0
14842,1,0,0,0,0,0
14843,1,0,0,0,0,0
14844,1,0,0,0,0,0
14845,1,0,0,2,1,0
14846,1,0,0,-2,1,0
14847,1,0,0,1,1,0
14848,1,0,0,-1,1,0
14849,1,0,0,0,0,0
14850,1,0,0,0,0,0
14851,1,0,0,0,0,0
14852,1,0,0,0,0,0
14853,1,0,0,0,0,0
14854,1,0,0,0,0,0
14855,1,0,0,0,0,0
14856,1,0,0,0,0,0
14857,1,0,0,0,0,0
14858,1,0,0,0,0,0
14859,1,0,0,0,0,0
14860,1,0,0,0,0,0
14861,1,0,0,0,0,0
14862,1,0,0,0,0,0
14863,1,0,0,0,0,0
14864,1,0,0,0,0,0
14865,1,0,0,0,0,0
14866,1,0,0,0,0,0
14867,1,0,0,0,0,0
14868,1,0,0,0,0,0
14869,1,0,0,0,0,0
14870,1,0,0,0,0,0
14871,1,0,0,0,0,0
14872,1,0,0,1,1,0
14873,1,0,0,-1,1,0
14874,1,0,0,0,0,0
14875,1,0,0,0,0,0
14876,1,0,0,0,0,0
14877,1,0,0,0,0,0
14878,1,0,0,1,1,0
14879,1,0,0,-1,1,0
14880,1,0,0,0,0,0
14881,1,0,0,0,0,0
14882,1,0,0,0,0,0
14883,1,0,0,0,0,0
14884,1,0,0,0,0,0
14885,1,0,0,0,0,0
14886,1,0,0,0,0,0
14887,1,0,0,0,0,0
14888,1,0,0,0,0,0
14889,1,0,0,0,0,0
14890,1,0,0,0,0,0
14891,1,0,0,0,0,0
14892,1,0,0,0,0,0
14893,1,0,0,0,0,0
14894,1,0,0,0,0,0
14895,1,0,0,0,0,0
14896,1,0,0,0,0,0
14897,1,0,0,0,0,0
14898,1,0,0,0,0,0
14899,1,0,0,0,0,0
14900,1,0,0,0,0,0
14901,1,0,0,1,1,0
14902,1,0,0,-1,1,0
14903,1,0,0,0,0,0
14904,1,0,0,0,0,0
14905,1,0,0,1,1,0
14906,1,0,0,-1,1,0
14907,1,0,0,0,0,0
14908,1,0,0,0,0,0
14909,1,0,0,0,0,0
14910,1,0,0,0,0,0
14911,1,0,0,0,0,0
14912,1,0,0,0,0,0
14913,1,0,0,0,0,0
14914,1,0,0,0,0,0
14915,1,0,0,1,1,0
14916,1,0,0,-1,1,0
14917,1,0,0,0,0,0
14918,1,0,0,0,0,0
14919,1,0,0,0,0,0
14920,1,0,0,0,0,0
14921,1,0,0,0,0,0
14922,1,0,0,0,0,0
14923,1,0,0,1,1,0
14924,1,0,0,-1,1,0
14925,1,0,0,1,1,0
14926,1,0,0,-1,1,0
14927,1,0,0,1,1,0
14928,1,0,0,-1,1,0
14929,1,0,0,0,0,0
14930,1,0,0,0,0,0
14931,1,0,0,0,0,0
14932,1,0,0,0,0,0
14933,1,0,0,0,0,0
14934,1,0,0,0,0,0
14935,1,0,0,0,0,0
14936,1,0,0,0,0,0
14937,1,0,0,0,0,0
14938,1,0,0,0,0,0
14939,1,0,0,0,0,0
14940,1,0,0,0,0,0
14941,1,0,0,0,0,0
14942,1,0,0,0,0,0
14943,1,0,0,0,0,0
14944,1,0,0,0,0,0
14945,1,0,0,0,0,0
14946,1,0,0,0,0,0
14947,1,0,0,0,0,0
14948,1,0,0,0,0,0
14949,1,0,0,0,0,0
14950,1,0,0,0,0,0
14951,1,0,0,0,0,0
14952,1,0,0,0,0,0
14953,1,0,0,1,1,0
14954,1,0,0,0,1,0
14955,1,0,0,-1,1,0
14956,1,0,0,0,0,0
14957,1,0,0,0,0,0
14958,1,0,0,0,0,0
14959,1,0,0,0,0,0
14960,1,0,0,0,0,0
14961,1,0,0,0,0,0
14962,1,0,0,0,0,0
14963,1,0,0,0,0,0
14964,1,0,0,0,0,0
14965,1,0,0,0,0,0
14966,1,0,0,0,0,0
14967,1,0,0,0,0,0
14968,1,0,0,0,0,0
14969,1,0,0,0,0,0
14970,1,0,0,0,0,0
14971,1,0,0,0,0,0
14972,1,0,0,0,0,0
14973,1,0,0,0,0,0
14974,1,0,0,0,0,0
14975,1,0,0,0,0,0
14976,1,0,0,0,0,0
14977,1,0,0,0,0,0
14978,1,0,0,0,0,0
14979,1,0,0,0,0,0
14980,1,0,0,0,0,0
14981,1,0,0,0,0,0
14982,1,0,0,0,0,0
14983,1,0,0,0,0,0
14984,1,0,0,0,0,0
14985,1,0,0,0,0,0
14986,1,0,0,0,0,0
14987,1,0,0,0,0,0
14988,1,0,0,0,0,0
14989,1,0,0,0,0,0
14990,1,0,0,0,0,0
14991,1,0,0,0,0,0
14992,1,0,0,0,0,0
14993,1,0,0,0,0,0
14994,1,0,0,0,0,0
14995,1,0,0,0,0,0
14996,1,0,0,0,0,0
14997,1,0,0,2,1,0
14998,1,0,0,-2,1,0
14999,1,0,0,0,0,0
15000,1,0,0,0,0,0
15001,1,0,0,0,0,0
15002,1,0,0,1,1,0
15003,1,0,0,-1,1,0
15004,1,0,0,0,0,0
15005,1,0,0,0,0,0
15006,1,0,0,0,0,0
15007,1,0,0,0,0,0
15008,1,0,0,0,0,0
15009,1,0,0,0,0,0
15010,1,0,0,0,0,0
15011,1,0,0,0,0,0
15012,1,0,0,0,0,0
15013,1,0,0,0,0,0
15014,1,0,0,0,0,0
15015,1,0,0,0,0,0
15016,1,0,0,0,0,0
15017,1,0,0,0,0,0
15018,1,0,0,2,1,0
15019,1,0,0,-2,1,0
15020,1,0,0,0,0,0
15021,1,0,0,0,0,0
15022,1,0,0,0,0,0
15023,1,0,0,0,0,0
15024,1,0,0,0,0,0
15025,1,0,0,0,0,0
15026,1,0,0,0,0,0
15027,1,0,0,0,0,0
15028,1,0,0,0,0,0
15029,1,0,0,1,1,0
15030,1,0,0,-1,1,0
15031,1,0,0,0,0,0
15032,1,0,0,0,0,0
15033,1,0,0,0,0,0
15034,1,0,0,0,0,0
15035,1,0,0,0,0,0
15036,1,0,0,0,0,0
15037,1,0,0,0,0,0
15038,1,0,0,0,0,0
15039,1,0,0,0,0,0
15040,1,0,0,0,0,0
15041,1,0,0,0,0,0
15042,1,0,0,0,0,0
15043,1,0,0,2,1,0
15044,1,0,0,-2,1,0
15045,1,0,0,0,0,0
15046,1,0,0,0,0,0
15047,1,0,0,0,0,0
15048,1,0,0,0,0,0
15049,1,0,0,0,0,0
15050,1,0,0,1,1,0
15051,1,0,0,-1,1,0
15052,1,0,0,0,0,0
15053,1,0,0,1,1,0
15054,1,0,0,-1,1,0
15055,1,0,0,0,0,0
15056,1,0,0,0,0,0
15057,1,0,0,0,0,0
15058,1,0,0,0,0,0
15059,1,0,0,0,0,0
15060,1,0,0,0,0,0
15061,1,0,0,0,0,0
15062,1,0,0,0,0,0
15063,1,0,0,0,0,0
15064,1,0,0,0,0,0
15065,1,0,0,0,0,0
15066,1,0,0,0,0,0
15067,1,0,0,0,0,0
15068,1,0,0,0,0,0
15069,1,0,0,2,1,0
15070,1,0,0,-2,1,0
15071,1,0,0,0,0,0
15072,1,0,0,0,0,0
15073,1,0,0,0,0,0
15074,1,0,0,0,0,0
15075,1,0,0,0,0,0
15076,1,0,0,0,0,0
15077,1,0,0,0,0,0
15078,1,0,0,0,0,0
15079,1,0,0,0,0,0
15080,1,0,0,0,0,0
15081,1,0,0,0,0,0
15082,1,0,0,0,0,0
15083,1,0,0,0,0,0
15084,1,0,0,0,0,0
15085,1,0,0,0,0,0
15086,1,0,0,0,0,0
15087,1,0,0,1,1,0
15088,1,0,0,-1,1,0
15089,1,0,0,1,1,0
15090,1,0,0,-1,1,0
15091,2,0,0,0,0,0
15092,0,1,0,2,1,0
15093,0,-1,0,-2,1,0
15098,0,0,0,1,1,0
15099,0,0,0,-1,1,0
15100,0,0,0,0,0,0
15111,0,0,0,1,1,0
15112,0,0,0,-1,1,0
15120,0,0,0,1,1,0
15121,0,0,0,-1,1,0
15125,0,0,0,0,0,0
15133,0,0,0,2,1,0
15134,0,0,0,-2,1,0
15136,0,0,0,2,1,0
15137,0,0,0,-2,1,0
15150,0,0,0,0,0,0
15153,0,0,0,1,1,0
15154,0,0,0,-1,1,0
15160,0,0,0,1,1,0
15161,0,0,0,-1,1,0
15164,0,0,0,1,1,0
15165,0,0,0,-1,1,0
15174,0,0,0,1,1,0
15175,0,0,0,-1,1,0
15187,0,0,0,1,1,0
15188,0,0,0,-1,1,0
15198,0,0,0,2,1,0
15199,0,0,0,-2,1,0
15200,0,0,0,0,0,0
15202,0,0,0,1,1,0
15203,0,0,0,-1,1,0
15205,0,0,0,1,1,0
15206,0,0,0,-1,1,0
15216,0,0,0,1,1,0
15217,0,0,0,-1,1,0
15222,0,0,0,1,1,0
15223,0,0,0,0,1,0
15224,0,0,0,-1,1,0
15225,0,0,0,0,0,0
15226,0,0,0,1,1,0
15227,0,0,0,-1,1,0
15250,0,0,0,0,0,0
15258,0,0,0,1,1,0
15259,0,0,0,-1,1,0
15275,0,0,0,0,0,0
15284,0,0,0,1,1,0
15285,0,0,0,-1,1,0
15296,0,0,0,1,1,0
15297,0,0,0,1,1,0
15298,0,0,0,-2,1,0
15300,0,0,0,0,0,0
15307,0,0,0,1,1,0
15308,0,0,0,-1,1,0
15312,0,0,0,1,1,0
15313,0,0,0,-1,1,0
15325,0,0,0,1,1,0
15326,0,0,0,-1,1,0
15339,0,0,0,1,1,0
15340,0,0,0,-1,1,0
15344,0,0,0,1,1,0
15345,0,0,0,-1,1,0
15350,0,0,0,1,1,0
15351,0,0,0,-1,1,0
15356,0,0,0,1,1,0
15357,0,0,0,-1,1,0
15365,0,0,0,1,1,0
15366,0,0,0,-1,1,0
15375,0,0,0,0,0,0
15380,0,0,0,1,1,0
15381,0,0,0,-1,1,0
15387,0,0,0,1,1,0
15388,0,0,0,-1,1,0
15393,0,0,0,3,1,0
15394,0,0,0,-3,1,0
15397,0,0,0,2,1,0
15398,0,0,0,-1,1,0
15399,0,0,0,-1,1,0
15400,0,0,0,0,0,0
15401,0,0,0,1,1,0
15402,0,0,0,-1,1,0
15403,0,0,0,2,1,0
15404,0,0,0,-2,1,0
15408,0,0,0,2,1,0
15409,0,0,0,-2,1,0
15425,0,0,0,0,0,0
15426,0,0,0,1,1,0
15427,0,0,0,-1,1,0
15441,0,0,0,1,1,0
15442,0,0,0,-1,1,0
15446,0,0,0,1,1,0
15447,0,0,0,-1,1,0
15450,0,0,0,0,0,0
15454,0,0,0,1,1,0
15455,0,0,0,-1,1,0
15457,0,0,0,1,1,0
15458,0,0,0,-1,1,0
15459,0,0,0,1,1,0
15460,0,0,0,-1,1,0
15466,0,0,0,1,1,0
15467,0,0,0,-1,1,0
15468,0,0,0,2,1,0
15469,0,0,0,-2,1,0
15473,0,0,0,1,1,0
15474,0,0,0,-1,1,0
15475,0,0,0,0,0,0
15486,0,0,0,1,1,0
15487,0,0,0,-1,1,0
15497,0,0,0,3,1,0
15498,0,0,0,-3,1,0
15500,0,0,0,0,0,0
15508,0,0,0,1,1,0
15509,0,0,0,-1,1,0
15514,0,0,0,1,1,0
15515,0,0,0,-1,1,0
15525,0,0,0,0,0,0
15538,0,0,0,1,1,0
15539,0,0,0,-1,1,0
15542,0,0,0,2,1,0
15543,0,0,0,-2,1,0
15550,0,0,0,0,0,0
15554,0,0,0,2,1,0
15555,0,0,0,-2,1,0
15564,0,0,0,1,1,0
15565,0,0,0,-1,1,0
15575,0,0,0,1,1,0
15576,0,0,0,-1,1,0
15596,0,0,0,1,1,0
15597,0,0,0,-1,1,0
15600,0,0,0,0,0,0
15602,0,0,0,1,1,0
15603,0,0,0,-1,1,0
15610,0,0,0,1,1,0
15611,0,0,0,-1,1,0
15622,0,0,0,1,1,0
15623,0,0,0,-1,1,0
15625,0,0,0,0,0,0
15627,0,0,0,1,1,0
15628,0,0,0,-1,1,0
15634,0,0,0,1,1,0
15635,0,0,0,-1,1,0
15636,0,0,0,1,1,0
15637,0,0,0,-1,1,0
15639,0,0,0,1,1,0
15640,0,0,0,-1,1,0
15650,0,0,0,1,1,0
15651,0,0,0,-1,1,0
15658,0,0,0,1,1,0
15659,0,0,0,-1,1,0
15666,0,0,0,1,1,0
15667,0,0,0,-1,1,0
15675,0,0,0,0,0,0
15688,0,0,0,1,1,0
15689,0,0,0,-1,1,0
15700,0,0,0,0,0,0
15711,0,0,0,1,1,0
15712,0,0,0,-1,1,0
15715,0,0,0,1,1,0
15716,0,0,0,-1,1,0
15725,0,0,0,0,0,0
15726,0,0,0,2,1,0
15727,0,0,0,-2,1,0
15735,0,0,0,1,1,0
15736,0,0,0,-1,1,0
15742,0,0,0,2,1,0
15743,0,0,0,-2,1,0
15749,0,0,0,2,1,0
15750,0,0,0,-2,1,0
15752,0,0,0,1,1,0
15753,0,0,0,-1,1,0
15754,0,0,0,2,1,0
15755,0,0,0,-2,1,0
15756,0,0,0,2,1,0
15757,0,0,0,-2,1,0
15759,0,0,0,1,1,0
15760,0,0,0,-1,1,0
15763,0,0,0,1,1,0
15764,0,0,0,-1,1,0
15767,0,0,0,1,1,0
15768,0,0,0,0,1,0
15769,0,0,0,-1,1,0
15775,0,0,0,0,0,0
15785,0,0,0,2,1,0
15786,0,0,0,-2,1,0
15800,0,0,0,0,0,0
15804,0,0,0,2,1,0
15805,0,0,0,-2,1,0
15817,0,0,0,1,1,0
15818,0,0,0,-1,1,0
15819,0,0,0,1,1,0
15820,0,0,0,-1,1,0
15822,0,0,0,2,1,0
15823,0,0,0,-2,1,0
15825,0,0,0,0,0,0
15841,0,0,0,1,1,0
15842,0,0,0,-1,1,0
15850,0,0,0,0,0,0
15872,0,0,0,1,1,0
15873,0,0,0,-1,1,0
15874,0,0,0,1,1,0
15875,0,0,0,-1,1,0
15887,0,0,0,1,1,0
15888,0,0,0,-1,1,0
15889,0,0,0,1,1,0
15890,0,0,0,-1,1,0
15893,0,0,0,1,1,0
15894,0,0,0,-1,1,0
15900,0,0,0,0,0,0
15901,0,0,0,1,1,0
15902,0,0,0,-1,1,0
15910,0,0,0,1,1,0
15911,0,0,0,-1,1,0
15914,0,0,0,1,1,0
15915,0,0,0,-1,1,0
15925,0,0,0,0,0,0
15934,0,0,0,1,1,0
15935,0,0,0,-1,1,0
15950,0,0,0,0,0,0
15954,0,0,0,1,1,0
15955,0,0,0,0,1,0
15956,0,0,0,-1,1,0
15963,0,0,0,1,1,0
15964,0,0,0,-1,1,0
15970,0,0,0,1,1,0
15971,0,0,0,-1,1,0
15973,0,0,0,1,1,0
15974,0,0,0,-1,1,0
15975,0,0,0,0,0,0
15988,0,0,0,1,1,0
15989,0,0,0,-1,1,0
15994,0,0,0,3,1,0
15995,0,0,0,-3,1,0
16000,0,0,0,0,0,0
16014,0,0,0,1,1,0
16015,0,0,0,-1,1,0
16018,0,0,0,1,1,0
16019,0,0,0,-1,1,0
16025,0,0,0,0,0,0
16032,0,0,0,1,1,0
16033,0,0,0,-1,1,0
16035,0,0,0,1,1,0
16036,0,0,0,-1,1,0
16042,0,0,0,2,1,0
16043,0,0,0,-2,1,0
16050,0,0,0,0,0,0
16052,0,0,0,2,1,0
16053,0,0,0,-2,1,0
16058,0,0,0,1,1,0
16059,0,0,0,0,1,0
16060,0,0,0,-1,1,0
16063,0,0,0,2,1,0
16064,0,0,0,-2,1,0
16073,0,0,0,1,1,0
16074,0,0,0,-1,1,0
16075,0,0,0,0,0,0
16079,0,0,0,1,1,0
16080,0,0,0,-1,1,0
16083,0,0,0,2,1,0
16084,0,0,0,-2,1,0
16087,0,0,0,1,1,0
16088,0,0,0,-1,1,0
16091,0,0,0,1,1,0
16092,0,0,0,-1,1,0
16100,0,0,0,0,0,0
16101,0,0,0,1,1,0
16102,0,0,0,-1,1,0
16120,0,0,0,1,1,0
16121,0,0,0,-1,1,0
16125,0,0,0,0,0,0
16133,0,0,0,1,1,0
16134,0,0,0,0,1,0
16135,0,0,0,-1,1,0
16150,0,0,0,1,1,0
16151,0,0,0,-1,1,0
16160,0,0,0,1,1,0
16161,0,0,0,-1,1,0
16165,0,0,0,2,1,0
16166,0,0,0,-2,1,0
16175,0,0,0,0,0,0
16182,0,0,0,1,1,0
16183,0,0,0,0,1,0
16184,0,0,0,-1,1,0
16188,0,0,0,1,1,0
16189,0,0,0,-1,1,0
16190,0,0,0,1,1,0
16191,0,0,0,-1,1,0
16196,0,0,0,1,1,0
16197,0,0,0,-1,1,0
16200,0,0,0,0,0,0
16203,0,0,0,1,1,0
16204,0,0,0,-1,1,0
16205,0,0,0,1,1,0
16206,0,0,0,-1,1,0
16211,0,0,0,1,1,0
16212,0,0,0,-1,1,0
16214,0,0,0,1,1,0
16215,0,0,0,-1,1,0
16222,0,0,0,1,1,0
16223,0,0,0,-1,1,0
16225,0,0,0,0,0,0
16247,0,0,0,2,1,0
16248,0,0,0,-1,1,0
16249,0,0,0,-1,1,0
16250,0,0,0,0,0,0
16258,0,0,0,3,1,0
16259,0,0,0,-3,1,0
16263,0,0,0,3,1,0
16264,0,0,0,-3,1,0
16265,0,0,0,1,1,0
16266,0,0,0,-1,1,0
16272,0,0,0,1,1,0
16273,0,0,0,-1,1,0
16275,0,0,0,0,0,0
16280,0,0,0,2,1,0
16281,0,0,0,-2,1,0
16292,0,0,0,1,1,0
16293,0,0,0,-1,1,0
16294,0,0,0,1,1,0
16295,0,0,0,-1,1,0
16300,0,0,0,0,0,0
16310,0,0,0,1,1,0
16311,0,0,0,-1,1,0
16312,0,0,0,1,1,0
16313,0,0,0,-1,1,0
16316,0,0,0,1,1,0
16317,0,0,0,0,1,0
16318,0,0,0,-1,1,0
16323,0,0,0,1,1,0
16324,0,0,0,-1,1,0
16325,0,0,0,0,0,0
16335,0,0,0,2,1,0
16336,0,0,0,-2,1,0
16343,0,0,0,1,1,0
16344,0,0,0,-1,1,0
16350,0,0,0,0,0,0
16373,0,0,0,1,1,0
16374,0,0,0,-1,1,0
16375,0,0,0,0,0,0
16380,0,0,0,1,1,0
16381,0,0,0,-1,1,0
16384,0,0,0,1,1,0
16385,0,0,0,0,1,0
16386,0,0,0,-1,1,0
16394,0,0,0,3,1,0
16395,0,0,0,-3,1,0
16399,0,0,0,1,1,0
16400,0,0,0,-1,1,0
16407,0,0,0,2,1,0
16408,0,0,0,-2,1,0
16423,0,0,0,2,1,0
16424,0,0,0,-2,1,0
16425,0,0,0,0,0,0
16436,0,0,0,1,1,0
16437,0,0,0,-1,1,0
16441,0,0,0,1,1,0
16442,0,0,0,-1,1,0
16446,0,0,0,1,1,0
16447,0,0,0,-1,1,0
16449,0,0,0,2,1,0
16450,0,0,0,-2,1,0
16471,0,0,0,1,1,0
16472,0,0,0,-1,1,0
16475,0,0,0,1,1,0
16476,0,0,0,-1,1,0
16500,0,0,0,0,0,0
16501,0,0,0,1,1,0
16502,0,0,0,-1,1,0
16509,0,0,0,1,1,0
16510,0,0,0,-1,1,0
16522,0,0,0,1,1,0
16523,0,0,0,-1,1,0
16525,0,0,0,0,0,0
16529,0,0,0,3,1,0
16530,0,0,0,-2,1,0
16531,0,0,0,1,1,0
16532,0,0,0,-2,1,0
16549,0,0,0,1,1,0
16550,0,0,0,-1,1,0
16575,0,0,0,0,0,0
16583,0,0,0,2,1,0
16584,0,0,0,-2,1,0
16587,0,0,0,1,1,0
16588,0,0,0,-1,1,0
16600,0,0,0,0,0,0
16601,0,0,0,1,1,0
16602,0,0,0,-1,1,0
16606,0,0,0,2,1,0
16607,0,0,0,-2,1,0
16608,0,0,0,1,1,0
16609,0,0,0,-1,1,0
16616,0,0,0,1,1,0
16617,0,0,0,-1,1,0
16624,0,0,0,1,1,0
16625,0,0,0,-1,1,0
16628,0,0,0,1,1,0
16629,0,0,0,-1,1,0
16639,0,0,0,1,1,0
16640,0,0,0,-1,1,0
16645,0,0,0,1,1,0
16646,0,0,0,-1,1,0
16650,0,0,0,0,0,0
16653,0,0,0,3,1,0
16654,0,0,0,-3,1,0
16667,0,0,0,1,1,0
16668,0,0,0,-1,1,0
16675,0,0,0,0,0,0
16688,0,0,0,1,1,0
16689,0,0,0,-1,1,0
16699,0,0,0,1,1,0
16700,0,0,0,-1,1,0
16701,1,0,0,0,0,0
16702,1,0,0,0,0,0
16703,1,0,0,0,0,0
16704,1,0,0,0,0,0
16705,1,0,0,1,1,0
16706,1,0,0,-1,1,0
16707,1,0,0,0,0,0
16708,1,0,0,1,1,0
16709,1,0,0,-1,1,0
16710,1,0,0,0,0,0
16711,1,0,0,0,0,0
16712,1,0,0,1,1,0
16713,1,0,0,-1,1,0
16714,1,0,0,0,0,0
16715,1,0,0,0,0,0
16716,1,0,0,0,0,0
16717,1,0,0,0,0,0
16718,1,0,0,0,0,0
16719,1,0,0,0,0,0
16720,1,0,0,0,0,0
16721,1,0,0,1,1,0
16722,1,0,0,-1,1,0
16723,1,0,0,1,1,0
16724,1,0,0,-1,1,0
16725,1,0,0,0,0,0
16726,1,0,0,0,0,0
16727,1,0,0,0,0,0
16728,1,0,0,0,0,0
16729,1,0,0,0,0,0
16730,1,0,0,0,0,0
16731,1,0,0,0,0,0
16732,1,0,0,0,0,0
16733,1,0,0,0,0,0
16734,1,0,0,0,0,0
16735,1,0,0,0,0,0
16736,1,0,0,3,1,0
16737,1,0,0,-3,1,0
16738,1,0,0,0,0,0
16739,1,0,0,0,0,0
16740,1,0,0,0,0,0
16741,1,0,0,0,0,0
16742,1,0,0,0,0,0
16743,1,0,0,0,0,0
16744,1,0,0,0,0,0
16745,1,0,0,0,0,0
16746,1,0,0,0,0,0
16747,1,0,0,0,0,0
16748,1,0,0,0,0,0
16749,1,0,0,0,0,0
16750,1,0,0,0,0,0
16751,1,0,0,1,1,0
16752,1,0,0,-1,1,0
16753,1,0,0,0,0,0
16754,1,0,0,0,0,0
16755,1,0,0,0,0,0
16756,1,0,0,0,0,0
16757,1,0,0,0,0,0
16758,1,0,0,0,0,0
16759,1,0,0,0,0,0
16760,1,0,0,0,0,0
16761,1,0,0,0,0,0
16762,1,0,0,0,0,0
16763,1,0,0,0,0,0
16764,1,0,0,0,0,0
16765,1,0,0,0,0,0
16766,1,0,0,0,0,0
16767,1,0,0,0,0,0
16768,1,0,0,0,0,0
16769,1,0,0,0,0,0
16770,1,0,0,0,0,0
16771,1,0,0,0,0,0
16772,1,0,0,0,0,0
16773,1,0,0,0,0,0
16774,1,0,0,0,0,0
16775,1,0,0,0,0,0
16776,1,0,0,0,0,0
16777,1,0,0,0,0,0
16778,1,0,0,0,0,0
16779,1,0,0,0,0,0
16780,1,0,0,0,0,0
16781,1,0,0,0,0,0
16782,1,0,0,0,0,0
16783,1,0,0,0,0,0
16784,1,0,0,0,0,0
16785,1,0,0,0,0,0
16786,1,0,0,0,0,0
16787,1,0,0,0,0,0
16788,1,0,0,0,0,0
16789,1,0,0,0,0,0
16790,1,0,0,0,0,0
16791,1,0,0,0,0,0
16792,1,0,0,0,0,0
16793,1,0,0,0,0,0
16794,1,0,0,1,1,0
16795,1,0,0,-1,1,0
16796,1,0,0,0,0,0
16797,1,0,0,0,0,0
16798,1,0,0,0,0,0
16799,1,0,0,0,0,0
16800,1,0,0,0,0,0
16801,1,0,0,0,0,0
16802,1,0,0,0,0,0
16803,1,0,0,0,0,0
16804,1,0,0,0,0,0
16805,1,0,0,0,0,0
16806,1,0,0,0,0,0
16807,1,0,0,0,0,0
16808,1,0,0,0,0,0
16809,1,0,0,0,0,0
16810,1,0,0,0,0,0
16811,1,0,0,0,0,0
16812,1,0,0,0,0,0
16813,1,0,0,0,0,0
16814,1,0,0,0,0,0
16815,1,0,0,0,0,0
16816,1,0,0,0,0,0
16817,1,0,0,0,0,0
16818,1,0,0,0,0,0
16819,1,0,0,0,0,0
16820,1,0,0,0,0,0
16821,1,0,0,0,0,0
16822,1,0,0,0,0,0
16823,1,0,0,0,0,0
16824,1,0,0,0,0,0
16825,1,0,0,0,0,0
16826,1,0,0,0,0,0
16827,1,0,0,0,0,0
16828,1,0,0,1,1,0
16829,0,0,1,0,1,0
16830,0,0,-1,-1,1,0
16840,0,0,0,2,1,0
16841,0,0,0,-2,1,0
16847,0,0,0,1,1,0
16848,0,0,0,-1,1,0
16850,0,0,0,0,0,0
16864,0,0,0,1,1,0
16865,0,0,0,-1,1,0
16873,0,0,0,1,1,0
16874,0,0,0,-1,1,0
16875,0,0,0,0,0,0
16883,0,0,0,2,1,0
16884,0,0,0,-2,1,0
16890,0,0,0,1,1,0
16891,0,0,0,-1,1,0
16895,0,0,0,1,1,0
16896,0,0,0,-1,1,0
16900,0,0,0,0,0,0
16902,0,0,0,1,1,0
16903,0,0,0,-1,1,0
16925,0,0,0,0,0,0
16927,0,0,0,1,1,0
16928,0,0,0,-1,1,0
16950,0,0,0,0,0,0
16961,0,0,0,2,1,0
16962,0,0,0,-2,1,0
16966,0,0,0,1,1,0
16967,0,0,0,-1,1,0
16968,0,0,0,1,1,0
16969,0,0,0,-1,1,0
16971,0,0,0,1,1,0
16972,0,0,0,-1,1,0
16975,0,0,0,1,1,0
16976,0,0,0,-1,1,0
16979,0,0,0,1,1,0
16980,0,0,0,-1,1,0
16981,0,0,0,1,1,0
16982,0,0,0,-1,1,0
16983,0,0,0,1,1,0
16984,0,0,0,-1,1,0
16995,0,0,0,1,1,0
16996,0,0,0,-1,1,0
17000,0,0,0,0,0,0
17005,0,0,0,1,1,0
17006,0,0,0,-1,1,0
17012,0,0,0,1,1,0
17013,0,0,0,-1,1,0
17020,0,0,0,2,1,0
17021,0,0,0,-2,1,0
17025,0,0,0,0,0,0
17050,0,0,0,0,0,0
17062,0,0,0,1,1,0
17063,0,0,0,-1,1,0
17075,0,0,0,0,0,0
17079,0,0,0,1,1,0
17080,0,0,0,-1,1,0
17081,0,0,0,1,1,0
17082,0,0,0,-1,1,0
17083,0,0,0,1,1,0
17084,0,0,0,-1,1,0
17088,0,0,0,1,1,0
17089,0,0,0,-1,1,0
17097,0,0,0,2,1,0
17098,0,0,0,-2,1,0
17100,0,0,0,0,0,0
17112,0,0,0,1,1,0
17113,0,0,0,-1,1,0
17124,0,0,0,1,1,0
17125,0,0,0,-1,1,0
17132,0,0,0,1,1,0
17133,0,0,0,-1,1,0
17138,0,0,0,1,1,0
17139,0,0,0,-1,1,0
17142,0,0,0,2,1,0
17143,0,0,0,-2,1,0
17150,0,0,0,0,0,0
17151,0,0,0,1,1,0
17152,0,0,0,-1,1,0
17154,0,0,0,2,1,0
17155,0,0,0,-2,1,0
17163,0,0,0,1,1,0
17164,0,0,0,-1,1,0
17175,0,0,0,0,0,0
17194,0,0,0,1,1,0
17195,0,0,0,-1,1,0
17200,0,0,0,1,1,0
17201,0,0,0,0,1,0
17202,0,0,0,-1,1,0
17206,0,0,0,1,1,0
17207,0,0,0,-1,1,0
17211,0,0,0,1,1,0
17212,0,0,0,-1,1,0
17222,0,0,0,2,1,0
17223,0,0,0,-2,1,0
17225,0,0,0,0,0,0
17229,0,0,0,2,1,0
17230,0,0,0,-2,1,0
17234,0,0,0,3,1,0
17235,0,0,0,-2,1,0
17236,0,0,0,-1,1,0
17238,0,0,0,1,1,0
17239,0,0,0,-1,1,0
17244,0,0,0,1,1,0
17245,0,0,0,-1,1,0
17246,0,0,0,1,1,0
17247,0,0,0,-1,1,0
17250,0,0,0,0,0,0
17275,0,0,0,0,0,0
17277,0,0,0,1,1,0
17278,0,0,0,-1,1,0
17279,0,0,0,1,1,0
17280,0,0,0,-1,1,0
17282,0,0,0,2,1,0
17283,0,0,0,-2,1,0
17293,0,0,0,1,1,0
17294,0,0,0,-1,1,0
17297,0,0,0,1,1,0
17298,0,0,0,0,1,0
17299,0,0,0,-1,1,0
17300,0,0,0,0,0,0
17325,0,0,0,0,0,0
17327,0,0,0,1,1,0
17328,0,0,0,-1,1,0
17341,0,0,0,1,1,0
17342,0,0,0,-1,1,0
17343,0,0,0,1,1,0
17344,0,0,0,-1,1,0
17350,0,0,0,1,1,0
17351,0,0,0,-1,1,0
17362,0,0,0,2,1,0
17363,0,0,0,-2,1,0
17365,0,0,0,1,1,0
17366,0,0,0,-1,1,0
17372,0,0,0,2,1,0
17373,0,0,0,-2,1,0
17375,0,0,0,0,0,0
17378,0,0,0,1,1,0
17379,0,0,0,-1,1,0
17393,0,0,0,2,1,0
17394,0,0,0,-2,1,0
17400,0,0,0,1,1,0
17401,0,0,0,-1,1,0
17406,0,0,0,1,1,0
17407,0,0,0,-1,1,0
17413,0,0,0,1,1,0
17414,0,0,0,-1,1,0
17420,0,0,0,1,1,0
17421,0,0,0,-1,1,0
17425,0,0,0,0,0,0
17431,0,0,0,1,1,0
17432,0,0,0,-1,1,0
17433,0,0,0,1,1,0
17434,0,0,0,-1,1,0
17435,0,0,0,1,1,0
17436,0,0,0,-1,1,0
17438,0,0,0,1,1,0
17439,0,0,0,-1,1,0
17447,0,0,0,1,1,0
17448,0,0,0,-1,1,0
17450,0,0,0,0,0,0
17460,0,0,0,1,1,0
17461,0,0,0,-1,1,0
17462,0,0,0,2,1,0
17463,0,0,0,-2,1,0
17465,0,0,0,1,1,0
17466,0,0,0,-1,1,0
17475,0,0,0,0,0,0
17478,0,0,0,2,1,0
17479,0,0,0,-2,1,0
17481,0,0,0,1,1,0
17482,0,0,0,-1,1,0
17489,0,0,0,1,1,0
17490,0,0,0,-1,1,0
17500,0,0,0,0,0,0
17501,0,0,0,1,1,0
17502,0,0,0,-1,1,0
17505,0,0,0,1,1,0
17506,0,0,0,-1,1,0
17525,0,0,0,0,0,0
17550,0,0,0,0,0,0
17554,0,0,0,1,1,0
17555,0,0,0,-1,1,0
17573,0,0,0,1,1,0
17574,0,0,0,-1,1,0
17575,0,0,0,0,0,0
17580,0,0,0,1,1,0
17581,0,0,0,-1,1,0
17584,0,0,0,3,1,0
17585,0,0,0,0,1,0
17586,0,0,0,-3,1,0
17588,0,0,0,1,1,0
17589,0,0,0,-1,1,0
17590,0,0,0,1,1,0
17591,0,0,0,-1,1,0
17600,0,0,0,0,0,0
17609,0,0,0,1,1,0
17610,0,0,0,-1,1,0
17617,0,0,0,1,1,0
17618,0,0,0,-1,1,0
17619,0,0,0,1,1,0
17620,0,0,0,0,1,0
17621,0,0,0,-1,1,0
17624,0,0,0,2,1,0
17625,0,0,0,-2,1,0
17632,0,0,0,1,1,0
17633,0,0,0,-1,1,0
17643,0,0,0,1,1,0
17644,0,0,0,-1,1,0
17650,0,0,0,1,1,0
17651,0,0,0,-1,1,0
17652,0,0,0,1,1,0
17653,0,0,0,-1,1,0
17654,0,0,0,1,1,0
17655,0,0,0,-1,1,0
17668,0,0,0,1,1,0
17669,0,0,0,-1,1,0
17674,0,0,0,3,1,0
17675,0,0,0,-2,1,0
17676,0,0,0,-1,1,0
17688,0,0,0,1,1,0
17689,0,0,0,-1,1,0
17698,0,0,0,1,1,0
17699,0,0,0,-1,1,0
17700,0,0,0,1,1,0
17701,0,0,0,-1,1,0
17712,0,0,0,1,1,0
17713,0,0,0,-1,1,0
17716,0,0,0,2,1,0
17717,0,0,0,-2,1,0
17721,0,0,0,1,1,0
17722,0,0,0,-1,1,0
17725,0,0,0,0,0,0
17727,0,0,0,1,1,0
17728,0,0,0,-1,1,0
17748,0,0,0,2,1,0
17749,0,0,0,-2,1,0
17750,0,0,0,0,0,0
17760,0,0,0,1,1,0
17761,0,0,0,-1,1,0
17775,0,0,0,0,0,0
17779,0,0,0,1,1,0
17780,0,0,0,-1,1,0
17790,0,0,0,1,1,0
17791,0,0,0,-1,1,0
17796,0,0,0,1,1,0
17797,0,0,0,-1,1,0
17800,0,0,0,0,0,0
17804,0,0,0,1,1,0
17805,0,0,0,-1,1,0
17816,0,0,0,1,1,0
17817,0,0,0,-1,1,0
17824,0,0,0,1,1,0
17825,0,0,0,0,1,0
17826,0,0,0,-1,1,0
17832,0,0,0,1,1,0
17833,0,0,0,-1,1,0
17837,0,0,0,1,1,0
17838,0,0,0,-1,1,0
17841,0,0,0,2,1,0
17842,0,0,0,-2,1,0
17846,0,0,0,1,1,0
17847,0,0,0,-1,1,0
17848,0,0,0,2,1,0
17849,0,0,0,-2,1,0
17850,0,0,0,0,0,0
17856,0,0,0,1,1,0
17857,0,0,0,-1,1,0
17868,0,0,0,1,1,0
17869,0,0,0,-1,1,0
17875,1,0,0,0,0,0
17876,1,0,0,0,0,0
17877,1,0,0,0,0,0
17878,1,0,0,0,0,0
17879,1,0,0,0,0,0
17880,1,0,0,0,0,0
17881,1,0,0,0,0,0
17882,1,0,0,0,0,0
17883,1,0,0,0,0,0
17884,1,0,0,0,0,0
17885,1,0,0,0,0,0
17886,1,0,0,0,0,0
17887,1,0,0,0,0,0
17888,1,0,0,0,0,0
17889,1,0,0,0,0,0
17890,1,0,0,0,0,0
17891,1,0,0,0,0,0
17892,1,0,0,0,0,0
17893,1,0,0,0,0,0
17894,1,0,0,0,0,0
17895,1,0,0,1,1,0
17896,1,0,0,-1,1,0
17897,1,0,0,0,0,0
17898,1,0,0,0,0,0
17899,1,0,0,0,0,0
17900,1,0,0,0,0,0
17901,1,0,0,0,0,0
17902,1,0,0,0,0,0
17903,1,0,0,0,0,0
17904,1,0,0,0,0,0
17905,1,0,0,0,0,0
17906,1,0,0,0,0,0
17907,1,0,0,0,0,0
17908,1,0,0,0,0,0
17909,1,0,0,0,0,0
17910,1,0,0,0,0,0
17911,1,0,0,0,0,0
17912,1,0,0,1,1,0
17913,1,0,0,-1,1,0
17914,1,0,0,0,0,0
17915,1,0,0,0,0,0
17916,1,0,0,0,0,0
17917,1,0,0,0,0,0
17918,1,0,0,0,0,0
17919,1,0,0,0,0,0
17920,1,0,0,0,0,0
17921,1,0,0,0,0,0
17922,1,0,0,0,0,0
17923,1,0,0,0,0,0
17924,1,0,0,0,0,0
17925,1,0,0,0,0,0
17926,1,0,0,0,0,0
17927,1,0,0,0,0,0
17928,1,0,0,0,0,0
17929,1,0,0,0,0,0
17930,1,0,0,0,0,0
17931,1,0,0,0,0,0
17932,1,0,0,0,0,0
17933,1,0,0,0,0,0
17934,1,0,0,1,1,0
17935,1,0,0,-1,1,0
17936,1,0,0,0,0,0
17937,1,0,0,0,0,0
17938,1,0,0,0,0,0
17939,1,0,0,0,0,0
17940,1,0,0,0,0,0
17941,1,0,0,0,0,0
17942,1,0,0,0,0,0
17943,1,0,0,0,0,0
17944,1,0,0,0,0,0
17945,1,0,0,0,0,0
17946,1,0,0,0,0,0
17947,1,0,0,1,1,0
17948,1,0,0,-1,1,0
17949,1,0,0,0,0,0
17950,1,0,0,0,0,0
17951,1,0,0,0,0,0
17952,1,0,0,0,0,0
17953,1,0,0,0,0,0
17954,1,0,0,0,0,0
17955,1,0,0,2,1,0
17956,1,0,0,-2,1,0
17957,1,0,0,0,0,0
17958,1,0,0,0,0,0
17959,1,0,0,0,0,0
17960,1,0,0,0,0,0
17961,1,0,0,0,0,0
17962,1,0,0,0,0,0
17963,1,0,0,1,1,0
17964,1,0,0,-1,1,0
17965,1,0,0,0,0,0
17966,1,0,0,0,0,0
17967,1,0,0,0,0,0
17968,1,0,0,0,0,0
17969,1,0,0,0,0,0
17970,1,0,0,0,0,0
17971,1,0,0,0,0,0
17972,1,0,0,1,1,0
17973,1,0,0,-1,1,0
17974,1,0,0,0,0,0
17975,1,0,0,0,0,0
17976,1,0,0,0,0,0
17977,1,0,0,2,1,0
17978,1,0,0,-2,1,0
17979,1,0,0,0,0,0
17980,1,0,0,0,0,0
17981,1,0,0,0,0,0
17982,1,0,0,0,0,0
17983,1,0,0,1,1,0
17984,1,0,0,-1,1,0
17985,2,0,0,0,0,0
17986,0,1,0,2,1,0
17987,0,-1,0,-2,1,0
17992,0,0,0,1,1,0
17993,0,0,0,-1,1,0
17996,1,0,0,0,0,0
17997,1,0,0,0,0,0
17998,1,0,0,0,0,0
17999,1,0,0,0,0,0
18000,1,0,0,0,0,0
18001,1,0,0,0,0,0
18002,1,0,0,0,0,0
18003,1,0,0,0,0,0
18004,1,0,0,0,0,0
18005,1,0,0,0,0,0
18006,1,0,0,0,0,0
18007,1,0,0,0,0,0
18008,1,0,0,0,0,0
18009,1,0,0,0,0,0
18010,1,0,0,0,0,0
18011,1,0,0,1,1,0
18012,1,0,0,-1,1,0
18013,1,0,0,0,0,0
18014,1,0,0,0,0,0
18015,1,0,0,0,0,0
18016,1,0,0,2,1,0
18017,1,0,0,-2,1,0
18018,1,0,0,0,0,0
18019,1,0,0,0,0,0
18020,1,0,0,0,0,0
18021,1,0,0,0,0,0
18022,1,0,0,0,0,0
18023,1,0,0,0,0,0
18024,1,0,0,0,0,0
18025,1,0,0,0,0,0
18026,1,0,0,1,1,0
18027,1,0,0,-1,1,0
18028,1,0,0,0,0,0
18029,1,0,0,2,1,0
18030,1,0,0,-2,1,0
18031,1,0,0,0,0,0
18032,1,0,0,0,0,0
18033,1,0,0,0,0,0
18034,1,0,0,0,0,0
18035,1,0,0,0,0,0
18036,1,0,0,0,0,0
18037,1,0,0,0,0,0
18038,1,0,0,0,0,0
18039,1,0,0,0,0,0
18040,1,0,0,0,0,0
18041,1,0,0,0,0,0
18042,1,0,0,0,0,0
18043,1,0,0,0,0,0
18044,1,0,0,0,0,0
18045,1,0,0,0,0,0
18046,1,0,0,0,0,0
18047,1,0,0,0,0,0
18048,1,0,0,0,0,0
18049,1,0,0,0,0,0
18050,1,0,0,0,0,0
18051,1,0,0,0,0,0
18052,1,0,0,0,0,0
18053,1,0,0,0,0,0
18054,1,0,0,0,0,0
18055,1,0,0,0,0,0
18056,1,0,0,0,0,0
18057,1,0,0,0,0,0
18058,1,0,0,0,0,0
18059,1,0,0,0,0,0
18060,1,0,0,0,0,0
18061,1,0,0,2,1,0
18062,1,0,0,-2,1,0
18063,1,0,0,0,0,0
18064,1,0,0,0,0,0
18065,1,0,0,0,0,0
18066,1,0,0,0,0,0
18067,1,0,0,0,0,0
18068,1,0,0,0,0,0
18069,1,0,0,0,0,0
18070,1,0,0,0,0,0
18071,1,0,0,0,0,0
18072,1,0,0,1,1,0
18073,1,0,0,-1,1,0
18074,1,0,0,0,0,0
18075,1,0,0,0,0,0
18076,1,0,0,0,0,0
18077,1,0,0,0,0,0
18078,1,0,0,0,0,0
18079,1,0,0,0,0,0
18080,1,0,0,0,0,0
18081,1,0,0,0,0,0
18082,1,0,0,0,0,0
18083,1,0,0,0,0,0
18084,1,0,0,0,0,0
18085,1,0,0,0,0,0
18086,1,0,0,0,0,0
18087,1,0,0,0,0,0
18088,1,0,0,0,0,0
18089,1,0,0,0,0,0
18090,1,0,0,1,1,0
18091,1,0,0,-1,1,0
18092,1,0,0,0,0,0
18093,1,0,0,0,0,0
18094,1,0,0,0,0,0
18095,1,0,0,0,0,0
18096,1,0,0,0,0,0
18097,1,0,0,0,0,0
18098,1,0,0,0,0,0
18099,1,0,0,0,0,0
18100,1,0,0,0,0,0
18101,1,0,0,0,0,0
18102,1,0,0,1,1,0
18103,1,0,0,-1,1,0
18104,1,0,0,1,1,0
18105,1,0,0,-1,1,0
18106,1,0,0,0,0,0
18107,1,0,0,0,0,0
18108,1,0,0,1,1,0
18109,1,0,0,0,1,0
18110,1,0,0,-1,1,0
18111,1,0,0,0,0,0
18112,1,0,0,0,0,0
18113,1,0,0,0,0,0
18114,1,0,0,1,1,0
18115,1,0,0,-1,1,0
18116,1,0,0,0,0,0
18117,1,0,0,2,1,0
18118,1,0,0,-2,1,0
18119,1,0,0,0,0,0
18120,1,0,0,0,0,0
18121,1,0,0,0,0,0
18122,1,0,0,0,0,0
18123,1,0,0,0,0,0
18124,1,0,0,0,0,0
18125,1,0,0,0,0,0
18126,1,0,0,1,1,0
18127,1,0,0,-1,1,0
18128,1,0,0,0,0,0
18129,1,0,0,2,1,0
18130,1,0,0,-2,1,0
18131,1,0,0,0,0,0
18132,1,0,0,1,1,0
18133,1,0,0,-1,1,0
18134,1,0,0,0,0,0
18135,1,0,0,0,0,0
18136,1,0,0,0,0,0
18137,1,0,0,0,0,0
18138,1,0,0,0,0,0
18139,1,0,0,0,0,0
18140,1,0,0,1,1,0
18141,1,0,0,-1,1,0
18142,1,0,0,0,0,0
18143,1,0,0,1,1,0
18144,1,0,0,-1,1,0
18145,1,0,0,0,0,0
18146,1,0,0,0,0,0
18147,1,0,0,0,0,0
18148,1,0,0,0,0,0
18149,1,0,0,0,0,0
18150,1,0,0,0,0,0
18151,1,0,0,0,0,0
18152,1,0,0,0,0,0
18153,1,0,0,0,0,0
18154,1,0,0,0,0,0
18155,1,0,0,0,0,0
18156,1,0,0,0,0,0
18157,1,0,0,0,0,0
18158,1,0,0,0,0,0
18159,1,0,0,0,0,0
18160,1,0,0,0,0,0
18161,1,0,0,0,0,0
18162,1,0,0,0,0,0
18163,1,0,0,0,0,0
18164,1,0,0,0,0,0
18165,1,0,0,0,0,0
18166,1,0,0,0,0,0
18167,1,0,0,0,0,0
18168,1,0,0,0,0,0
18169,1,0,0,1,1,0
18170,1,0,0,-1,1,0
18171,1,0,0,0,0,0
18172,1,0,0,1,1,0
18173,1,0,0,-1,1,0
18174,1,0,0,0,0,0
18175,1,0,0,1,1,0
18176,1,0,0,-1,1,0
18177,1,0,0,0,0,0
18178,1,0,0,0,0,0
18179,1,0,0,0,0,0
18180,1,0,0,0,0,0
18181,1,0,0,0,0,0
18182,1,0,0,0,0,0
18183,1,0,0,0,0,0
18184,1,0,0,0,0,0
18185,1,0,0,1,1,0
18186,1,0,0,-1,1,0
18187,1,0,0,0,0,0
18188,1,0,0,0,0,0
18189,1,0,0,0,0,0
18190,1,0,0,0,0,0
18191,1,0,0,0,0,0
18192,1,0,0,1,1,0
18193,1,0,0,-1,1,0
18194,1,0,0,0,0,0
18195,1,0,0,1,1,0
18196,1,0,0,-1,1,0
18197,1,0,0,0,0,0
18198,1,0,0,0,0,0
18199,1,0,0,1,1,0
18200,1,0,0,-1,1,0
18201,1,0,0,2,1,0
18202,1,0,0,-2,1,0
18203,1,0,0,0,0,0
18204,1,0,0,1,1,0
18205,1,0,0,-1,1,0
18206,1,0,0,0,0,0
18207,1,0,0,0,0,0
18208,1,0,0,0,0,0
18209,1,0,0,0,0,0
18210,1,0,0,1,1,0
18211,1,0,0,-1,1,0
18212,1,0,0,0,0,0
18213,1,0,0,0,0,0
18214,1,0,0,0,0,0
18215,1,0,0,0,0,0
18216,1,0,0,0,0,0
18217,1,0,0,0,0,0
18218,1,0,0,0,0,0
18219,1,0,0,0,0,0
18220,1,0,0,0,0,0
18221,1,0,0,0,0,0
18222,1,0,0,0,0,0
18223,1,0,0,0,0,0
18224,1,0,0,0,0,0
18225,1,0,0,0,0,0
18226,1,0,0,0,0,0
18227,1,0,0,1,1,0
18228,1,0,0,-1,1,0
18229,1,0,0,0,0,0
18230,1,0,0,0,0,0
18231,1,0,0,0,0,0
18232,1,0,0,0,0,0
18233,1,0,0,0,0,0
18234,1,0,0,1,1,0
18235,1,0,0,-1,1,0
18236,1,0,0,0,0,0
18237,1,0,0,0,0,0
18238,1,0,0,1,1,0
18239,1,0,0,-1,1,0
18240,1,0,0,0,0,0
18241,1,0,0,0,0,0
18242,1,0,0,0,0,0
18243,1,0,0,0,0,0
18244,1,0,0,0,0,0
18245,1,0,0,0,0,0
18246,1,0,0,0,0,0
18247,1,0,0,0,0,0
18248,1,0,0,3,1,0
18249,1,0,0,-3,1,0
18250,1,0,0,0,0,0
18251,1,0,0,0,0,0
18252,1,0,0,0,0,0
18253,1,0,0,0,0,0
18254,1,0,0,0,0,0
18255,1,0,0,0,0,0
18256,1,0,0,0,0,0
18257,1,0,0,0,0,0
18258,1,0,0,1,1,0
18259,1,0,0,-1,1,0
18260,1,0,0,0,0,0
18261,1,0,0,0,0,0
18262,1,0,0,0,0,0
18263,1,0,0,0,0,0
18264,1,0,0,0,0,0
18265,1,0,0,0,0,0
18266,1,0,0,0,0,0
18267,1,0,0,0,0,0
18268,1,0,0,0,0,0
18269,1,0,0,0,0,0
18270,1,0,0,0,0,0
18271,1,0,0,0,0,0
18272,1,0,0,0,0,0
18273,1,0,0,0,0,0
18274,1,0,0,0,0,0
18275,1,0,0,0,0,0
18276,1,0,0,0,0,0
18277,1,0,0,0,0,0
18278,1,0,0,0,0,0
18279,1,0,0,0,0,0
18280,1,0,0,0,0,0
18281,1,0,0,0,0,0
18282,1,0,0,1,1,0
18283,1,0,0,-1,1,0
18284,1,0,0,0,0,0
18285,1,0,0,0,0,0
18286,1,0,0,0,0,0
18287,1,0,0,0,0,0
18288,1,0,0,1,1,0
18289,1,0,0,-1,1,0
18290,1,0,0,0,0,0
18291,1,0,0,0,0,0
18292,0,1,0,1,1,0
18293,0,-1,0,-1,1,0
18300,0,0,0,0,0,0
